"Authors","Author full names","Author(s) ID","Title","Year","Link","EID"
"Zhang W.; Lopez H.; Boselli L.; Bigini P.; Perez-Potti A.; Xie Z.; Castagnola V.; Cai Q.; Silveira C.P.; De Araujo J.M.; Talamini L.; Panini N.; Ristagno G.; Violatto M.B.; Devineau S.; Monopoli M.P.; Salmona M.; Giannone V.A.; Lara S.; Dawson K.A.; Yan Y.","Zhang, Wei (57225164386); Lopez, Hender (10045157700); Boselli, Luca (57189211568); Bigini, Paolo (55911359200); Perez-Potti, André (57194652939); Xie, Zengchun (57402142800); Castagnola, Valentina (55365406100); Cai, Qi (57193428904); Silveira, Camila P. (56070953400); De Araujo, Joao M. (57213245421); Talamini, Laura (56525113500); Panini, Nicolò (55092127800); Ristagno, Giuseppe (14056769000); Violatto, Martina B. (56008207000); Devineau, Stéphanie (55598058400); Monopoli, Marco P. (20433954400); Salmona, Mario (7005240208); Giannone, Valeria A. (57211690060); Lara, Sandra (57191376407); Dawson, Kenneth A. (7201689900); Yan, Yan (56527548600)","57225164386; 10045157700; 57189211568; 55911359200; 57194652939; 57402142800; 55365406100; 57193428904; 56070953400; 57213245421; 56525113500; 55092127800; 14056769000; 56008207000; 55598058400; 20433954400; 7005240208; 57211690060; 57191376407; 7201689900; 56527548600","A Nanoscale Shape-Discovery Framework Supporting Systematic Investigations of Shape-Dependent Biological Effects and Immunomodulation","2022","https://www.scopus.com/inward/record.uri?eid=2-s2.0-85122384070&doi=10.1021%2facsnano.1c10074&partnerID=40&md5=ec15de26aacb7d750cbfcaf5c7f93266","2-s2.0-85122384070"
"Lopes A.; Pereira M.","Lopes, Alba (53865038500); Pereira, Monica (23135826400)","53865038500; 23135826400","Fast DSE of reconfigurable accelerator systems via ensemble machine learning","2021","https://www.scopus.com/inward/record.uri?eid=2-s2.0-85106745779&doi=10.1007%2fs10470-021-01885-0&partnerID=40&md5=70e4aa4c190e942df7533a8674240b38","2-s2.0-85106745779"
"Silva-De-Souza W.; Iranfar A.; Bráulio A.; Zapater M.; Xavier-De-Souza S.; Olcoz K.; Atienza D.","Silva-De-Souza, Wellington (57524832900); Iranfar, Arman (56939034300); Bráulio, Anderson (57216688911); Zapater, Marina (39462438800); Xavier-De-Souza, Samuel (59170006300); Olcoz, Katzalin (6603199337); Atienza, David (56259926900)","57524832900; 56939034300; 57216688911; 39462438800; 59170006300; 6603199337; 56259926900","Containergy-a container-based energy and performance profiling tool for next generation workloads","2020","https://www.scopus.com/inward/record.uri?eid=2-s2.0-85084292416&doi=10.3390%2fen13092162&partnerID=40&md5=7b9573b3bf1f39e52155b85d950af226","2-s2.0-85084292416"
"Lima D.V.C.; Terrematte P.; Stransky B.; Neto A.D.D.","Lima, Debora V. C. (59001675900); Terrematte, Patrick (40462477300); Stransky, Beatriz (6506177045); Neto, Adriao D. D. (57606728000)","59001675900; 40462477300; 6506177045; 57606728000","An Integrated Data Analysis Using Bioinformatics and Random Forest to Predict Prognosis of Patients With Squamous Cell Lung Cancer","2024","https://www.scopus.com/inward/record.uri?eid=2-s2.0-85191318112&doi=10.1109%2fACCESS.2024.3392277&partnerID=40&md5=adf76403e930c802ad82f91a2fb46b25","2-s2.0-85191318112"
"Lima L.; Bedregal B.; Rocha M.; Castillo-Lopez A.; Fernandez J.; Bustince H.","Lima, Lucélia (57213489337); Bedregal, Benjamin (15520790700); Rocha, Marcus (35870253400); Castillo-Lopez, Aitor (57203245484); Fernandez, Javier (57198957963); Bustince, Humberto (55034746100)","57213489337; 15520790700; 35870253400; 57203245484; 57198957963; 55034746100","On some classes of nullnorms and h-pseudo homogeneity","2022","https://www.scopus.com/inward/record.uri?eid=2-s2.0-85099386276&doi=10.1016%2fj.fss.2020.12.007&partnerID=40&md5=2c056b9f908abeb5abf77cdf58f3b6f8","2-s2.0-85099386276"
"da Silva T.P.; Batista T.V.; Delicato F.C.; Pires P.F.","da Silva, Thiago Pereira (56732537200); Batista, Thais Vasconcelos (36812228000); Delicato, Flavia Coimbra (55887461400); Pires, Paulo Ferreira (55595376300)","56732537200; 36812228000; 55887461400; 55595376300","An online ensemble method for auto-scaling NFV-based applications in the edge","2024","https://www.scopus.com/inward/record.uri?eid=2-s2.0-85191989591&doi=10.1007%2fs10586-024-04465-9&partnerID=40&md5=a268ebc7969cd85c428803888f9f81dc","2-s2.0-85191989591"
"Lage-Freitas A.; Allende-Cid H.; Santana O.; Oliveira-Lage L.","Lage-Freitas, André (57197456656); Allende-Cid, Héctor (57208732887); Santana, Orivaldo (36608982900); Oliveira-Lage, Lívia (57699537200)","57197456656; 57208732887; 36608982900; 57699537200","Predicting Brazilian Court Decisions","2022","https://www.scopus.com/inward/record.uri?eid=2-s2.0-85130341039&doi=10.7717%2fpeerj-cs.904&partnerID=40&md5=8e2050d0b4c5317c9ac7b31dce2c3115","2-s2.0-85130341039"
"Brito Oliveira G.A.; Cardoso R.A.; Freire Júnior R.C.S.; Araújo J.A.","Brito Oliveira, Giorgio André (57204290011); Cardoso, Raphael Araújo (56229959800); Freire Júnior, Raimundo Carlos Silverio (36979704500); Araújo, José Alexander (23088276800)","57204290011; 56229959800; 36979704500; 23088276800","A generalized ANN-multiaxial fatigue nonlocal approach to compute fretting fatigue life for aeronautical Al alloys","2023","https://www.scopus.com/inward/record.uri?eid=2-s2.0-85146277573&doi=10.1016%2fj.triboint.2023.108250&partnerID=40&md5=89771a784de20e909bcbadfee4600c3b","2-s2.0-85146277573"
"Santos B.S.; Silva I.; Costa D.G.","Santos, Breno Santana (57201699421); Silva, Ivanovitch (36537969500); Costa, Daniel G. (35519411300)","57201699421; 36537969500; 35519411300","Symmetry in Scientific Collaboration Networks: A Study Using Temporal Graph Data Science and Scientometrics","2023","https://www.scopus.com/inward/record.uri?eid=2-s2.0-85151734195&doi=10.3390%2fsym15030601&partnerID=40&md5=e01efb4cc4125d9ff8bd073d2523c4b1","2-s2.0-85151734195"
"Feitosa-Neto A.A.; Xavier-Júnior J.C.; Canuto A.M.P.; Oliveira A.C.M.","Feitosa-Neto, Antonino A. (36628950100); Xavier-Júnior, João C. (56366404800); Canuto, Anne M. P. (15022041200); Oliveira, Alexandre C. M. (56851869200)","36628950100; 56366404800; 15022041200; 56851869200","A study of model and hyper-parameter selection strategies for classifier ensembles: a robust analysis on different optimization algorithms and extended results","2021","https://www.scopus.com/inward/record.uri?eid=2-s2.0-85094856765&doi=10.1007%2fs11047-020-09816-0&partnerID=40&md5=e2e47548a3db80e64520c0425ba25432","2-s2.0-85094856765"
"Fernandes T.F.S.; Silva R.V.D.O.; Freitas D.L.D.D.; Sanches A.G.; Silva M.B.D.; Cunha Júnior L.C.; Lima K.G.D.; Teixeira G.H.D.A.","Fernandes, Thiago Feliph Silva (57221272600); Silva, Raíssa Vanessa de Oliveira (57384167700); Freitas, Daniel Lucas Dantas de (57210126879); Sanches, Alex Guimarães (55427492000); Silva, Maryelle Barros da (57367917400); Cunha Júnior, Luis Carlos (35067860800); Lima, Kássio Gomes de (59266913100); Teixeira, Gustavo Henrique de Almeida (35612644600)","57221272600; 57384167700; 57210126879; 55427492000; 57367917400; 35067860800; 59266913100; 35612644600","Sex type determination in papaya seeds and leaves using near infrared spectroscopy combined with multivariate techniques and machine learning","2022","https://www.scopus.com/inward/record.uri?eid=2-s2.0-85122320370&doi=10.1016%2fj.compag.2021.106674&partnerID=40&md5=13186e7f7133a5c3e88b645d86877849","2-s2.0-85122320370"
"Lins I.D.; Araújo L.M.M.; Maior C.B.S.; Ramos P.M.D.S.; Moura M.J.D.C.; Ferreira-Martins A.J.; Chaves R.; Canabarro A.","Lins, Isis Didier (27467582900); Araújo, Lavínia Maria Mendes (58064571200); Maior, Caio Bezerra Souto (57192872180); Ramos, Plínio Marcio da Silva (57790277100); Moura, Márcio José das Chagas (57120189400); Ferreira-Martins, André Juan (58313735400); Chaves, Rafael (23977564500); Canabarro, Askery (56690175400)","27467582900; 58064571200; 57192872180; 57790277100; 57120189400; 58313735400; 23977564500; 56690175400","Quantum machine learning for drowsiness detection with EEG signals","2024","https://www.scopus.com/inward/record.uri?eid=2-s2.0-85191154281&doi=10.1016%2fj.psep.2024.04.032&partnerID=40&md5=121e6dc05af221cc9252bd79d89e4171","2-s2.0-85191154281"
"Sanchez-Gendriz I.; Carvalho D.D.A.; Galvão-Lima L.J.; Sales-Moioli A.I.L.; Brito T.; Fernandes F.; Henriques J.; Lima T.; Guedes L.A.; Cruz A.S.; Morais A.H.F.; Santos J.P.Q.; Arrais E.; Coutinho K.D.; Machado G.M.; Cunha-Oliveira A.; dos Reis Vale Gomes C.A.; Valentim R.A.M.","Sanchez-Gendriz, Ignacio (56495540200); Carvalho, Dionísio D.A. (57735564000); Galvão-Lima, Leonardo J. (57190952645); Sales-Moioli, Ana Isabela Lopes (57454533800); Brito, Talita (58181061200); Fernandes, Felipe (57208327846); Henriques, Jorge (59276747600); Lima, Thaisa (57226123657); Guedes, Luiz Affonso (35761038800); Cruz, Agnaldo S. (56022953900); Morais, Antonio H.F. (25626432200); Santos, João Paulo Q. (57694054600); Arrais, Ernano (56315553900); Coutinho, Karilany Dantas (57221871955); Machado, Guilherme Medeiros (57220480392); Cunha-Oliveira, Aliete (57212134830); dos Reis Vale Gomes, Catarina Alexandra (58978941700); Valentim, Ricardo A.M. (57815338500)","56495540200; 57735564000; 57190952645; 57454533800; 58181061200; 57208327846; 59276747600; 57226123657; 35761038800; 56022953900; 25626432200; 57694054600; 56315553900; 57221871955; 57220480392; 57212134830; 58978941700; 57815338500","Digital dual test syphilis/HIV detection based on Fourier Descriptors of Cyclic Voltammetry curves","2024","https://www.scopus.com/inward/record.uri?eid=2-s2.0-85189930688&doi=10.1016%2fj.compbiomed.2024.108454&partnerID=40&md5=51b42b950f9a83f2d813b2ab1155bb7c","2-s2.0-85189930688"
"Brasil J.; Maitelli C.; Nascimento J.; Chiavone-Filho O.; Galvão E.","Brasil, Jéssica (58054928500); Maitelli, Carla (57163638400); Nascimento, João (24725329000); Chiavone-Filho, Osvaldo (6601905641); Galvão, Edney (35145785000)","58054928500; 57163638400; 24725329000; 6601905641; 35145785000","Diagnosis of Operating Conditions of the Electrical Submersible Pump via Machine Learning","2023","https://www.scopus.com/inward/record.uri?eid=2-s2.0-85145978679&doi=10.3390%2fs23010279&partnerID=40&md5=fa365edf4e9afb171ca69476ac1ffeaa","2-s2.0-85145978679"
"Fontoura L.C.M.M.; De Castro Lins H.W.; Bertuleza A.S.; D'assunção A.G.; Neto A.G.","Fontoura, Leidiane C. M. M. (57226283044); De Castro Lins, Hertz Wilton (57222580164); Bertuleza, Arthur S. (57226270936); D'assunção, Adaildo Gomes (7004474343); Neto, Alfrêdo Gomes (6603647208)","57226283044; 57222580164; 57226270936; 7004474343; 6603647208","Synthesis of Multiband Frequency Selective Surfaces Using Machine Learning with the Decision Tree Algorithm","2021","https://www.scopus.com/inward/record.uri?eid=2-s2.0-85111075355&doi=10.1109%2fACCESS.2021.3086777&partnerID=40&md5=f64cc86fef84b155cc7b0d5691007d60","2-s2.0-85111075355"
"Barbalho R.; Rodrigues S.; Tenorio M.; Menezes J.","Barbalho, R. (58079180000); Rodrigues, S. (57667393800); Tenorio, M. (57453652400); Menezes, J. (13805898100)","58079180000; 57667393800; 57453652400; 13805898100","Ambush strategy enhances organisms’ performance in rock–paper–scissors games","2024","https://www.scopus.com/inward/record.uri?eid=2-s2.0-85192898840&doi=10.1016%2fj.biosystems.2024.105229&partnerID=40&md5=3cc6b7b1b0e6448f04157a373ead662f","2-s2.0-85192898840"
"Barreto C.A.S.; Gorgonio A.C.; Xavier-Junior J.C.; De Paula Canuto A.M.","Barreto, Cephas A. S. (57195322096); Gorgonio, Arthur Costa (57203487741); Xavier-Junior, Joao C. (56366404800); De Paula Canuto, Anne Magaly (15022041200)","57195322096; 57203487741; 56366404800; 15022041200","Applying Efficient Selection Techniques of Unlabeled Instances for Wrapper-Based Semi-Supervised Methods","2022","https://www.scopus.com/inward/record.uri?eid=2-s2.0-85129211850&doi=10.1109%2fACCESS.2022.3169498&partnerID=40&md5=45828071aa98ca6e3d84f84e5480a283","2-s2.0-85129211850"
"L. S. Ferreira R.; A. S. Anjos M.; Maia C.; Pinto L.; R. G. de Azevedo A.; de Brito J.","L. S. Ferreira, Ruan (57224946123); A. S. Anjos, Marcos (51565394700); Maia, Cinthia (57212027598); Pinto, Licarion (56770701100); R. G. de Azevedo, Afonso (57218164219); de Brito, Jorge (7003285554)","57224946123; 51565394700; 57212027598; 56770701100; 57218164219; 7003285554","Long-term analysis of the physical properties of the mixed recycled aggregate and their effect on the properties of mortars","2021","https://www.scopus.com/inward/record.uri?eid=2-s2.0-85097777459&doi=10.1016%2fj.conbuildmat.2020.121796&partnerID=40&md5=877b51da5c23b3156d952599a4c48767","2-s2.0-85097777459"
"Santana F.; Bedregal B.; Viana P.; Bustince H.","Santana, Fagner (51061387700); Bedregal, Benjamin (15520790700); Viana, Petrucio (20435104200); Bustince, Humberto (55034746100)","51061387700; 15520790700; 20435104200; 55034746100","On admissible orders over closed subintervals of [0,1]","2020","https://www.scopus.com/inward/record.uri?eid=2-s2.0-85081250474&doi=10.1016%2fj.fss.2020.02.009&partnerID=40&md5=0f3eaf5464fc79d659474958fc1a4602","2-s2.0-85081250474"
"Costa E.L.R.; Braga T.; Dias L.A.; Albuquerque É.L.D.; Fernandes M.A.C.","Costa, Emanoel L. R. (57650185400); Braga, Taiane (57884868400); Dias, Leonardo A. (57216084309); Albuquerque, Édler L. de (26022989800); Fernandes, Marcelo A. C. (7202947679)","57650185400; 57884868400; 57216084309; 26022989800; 7202947679","Analysis of Atmospheric Pollutant Data Using Self-Organizing Maps","2022","https://www.scopus.com/inward/record.uri?eid=2-s2.0-85137673384&doi=10.3390%2fsu141610369&partnerID=40&md5=7b1d6069fdd6344d77b63a73fa8160d7","2-s2.0-85137673384"
"Camelo H.D.N.; Lucio P.S.; Leal Junior J.B.V.; Carvalho P.C.M.D.; Santos D.V.G.D.","Camelo, Henrique do Nascimento (57199855857); Lucio, Paulo Sérgio (55963139800); Leal Junior, João Bosco Verçosa (26027088000); Carvalho, Paulo Cesar Marques de (8656215800); Santos, Daniel von Glehn dos (57201740720)","57199855857; 55963139800; 26027088000; 8656215800; 57201740720","Innovative hybrid models for forecasting time series applied in wind generation based on the combination of time series models with artificial neural networks","2018","https://www.scopus.com/inward/record.uri?eid=2-s2.0-85046040307&doi=10.1016%2fj.energy.2018.03.077&partnerID=40&md5=269782c4918a6c8e78c2504417b1dca0","2-s2.0-85046040307"
"Costa V.S.; Farias A.D.S.; Bedregal B.; Santiago R.H.N.; Canuto A.M.D.P.","Costa, Valdigleis S. (57193627916); Farias, Antonio Diego S. (57192556588); Bedregal, Benjamin (15520790700); Santiago, Regivan H.N. (7006674404); Canuto, Anne Magaly de P. (15022041200)","57193627916; 57192556588; 15520790700; 7006674404; 15022041200","Combining multiple algorithms in classifier ensembles using generalized mixture functions","2018","https://www.scopus.com/inward/record.uri?eid=2-s2.0-85049534332&doi=10.1016%2fj.neucom.2018.06.021&partnerID=40&md5=3d4ee3ecb360d9cc47353fdc3d68bb0d","2-s2.0-85049534332"
"de Brito Guerra T.C.; Nóbrega T.; Morya E.; de M. Martins A.; de Sousa V.A., Jr.","de Brito Guerra, Tarciana C. (57205585610); Nóbrega, Taline (57212504844); Morya, Edgard (6506185708); de M. Martins, Allan (56337603400); de Sousa, Vicente A. (6603844872)","57205585610; 57212504844; 6506185708; 56337603400; 6603844872","Electroencephalography Signal Analysis for Human Activities Classification: A Solution Based on Machine Learning and Motor Imagery","2023","https://www.scopus.com/inward/record.uri?eid=2-s2.0-85159258122&doi=10.3390%2fs23094277&partnerID=40&md5=b292349d4842ada79a487656ef6374f4","2-s2.0-85159258122"
"Paiva R.; Santiago R.; Bedregal B.; Rivieccio U.","Paiva, Rui (57203242664); Santiago, Regivan (7006674404); Bedregal, Benjamín (15520790700); Rivieccio, Umberto (26632629800)","57203242664; 7006674404; 15520790700; 26632629800","Inflationary BL-algebras obtained from 2-dimensional general overlap functions","2021","https://www.scopus.com/inward/record.uri?eid=2-s2.0-85098884078&doi=10.1016%2fj.fss.2020.12.018&partnerID=40&md5=b943bacbad5cc9c6d543ee0cfc06ca33","2-s2.0-85098884078"
"Diógenes Do Rego I.; de Sousa V.A., Jr.","Diógenes Do Rego, Iago (57354214400); de Sousa, Vicente A. (6603844872)","57354214400; 6603844872","Solution for interference in hotspot scenarios applying Q-learning on FFR-based ICIC techniques","2021","https://www.scopus.com/inward/record.uri?eid=2-s2.0-85119951950&doi=10.3390%2fs21237899&partnerID=40&md5=8f961d36283d155972e5759dd66e0c70","2-s2.0-85119951950"
"de Araújo R.P.; de Freitas V.C.G.; de Lima G.F.; Salazar A.O.; Neto A.D.D.; Maitelli A.L.","de Araújo, Renan Pires (57203942030); de Freitas, Victor Carvalho Galvão (57203942635); de Lima, Gustavo Fernandes (57203941246); Salazar, Andrés Ortiz (7102422753); Neto, Adrião Duarte Dória (7102618949); Maitelli, André Laurindo (6602549353)","57203942030; 57203942635; 57203941246; 7102422753; 7102618949; 6602549353","Pipeline inspection gauge’s velocity simulation based on pressure differential using artificial neural networks","2018","https://www.scopus.com/inward/record.uri?eid=2-s2.0-85053682407&doi=10.3390%2fs18093072&partnerID=40&md5=93dce7c1ce171db7b6371b5ac805aac9","2-s2.0-85053682407"
"Furtunato A.F.A.; Georgiou K.; Eder K.; Xavier-De-Souza S.","Furtunato, Alex F. A. (57215310489); Georgiou, Kyriakos (57150810600); Eder, Kerstin (23391989300); Xavier-De-Souza, Samuel (59170006300)","57215310489; 57150810600; 23391989300; 59170006300","When parallel speedups hit the memory wall","2020","https://www.scopus.com/inward/record.uri?eid=2-s2.0-85084797354&doi=10.1109%2fACCESS.2020.2990418&partnerID=40&md5=6090d0c53717b63d084d2f74856bf973","2-s2.0-85084797354"
"Santos R.D.V.D., Júnior; Coelho J.V.V.; Cacho N.A.A.; de Araújo D.S.A.","Santos, Ramiro de Vasconcelos dos (57314796300); Coelho, João Vitor Venceslau (57169721900); Cacho, Nelio Alessandro Azevedo (17433450200); de Araújo, Daniel Sabino Amorim (55103744400)","57314796300; 57169721900; 17433450200; 55103744400","A criminal macrocause classification model: An enhancement for violent crime analysis considering an unbalanced dataset","2024","https://www.scopus.com/inward/record.uri?eid=2-s2.0-85173048339&doi=10.1016%2fj.eswa.2023.121702&partnerID=40&md5=b83d51febfb073692db90c1269fc6a18","2-s2.0-85173048339"
"Mendes W.R.; Araújo F.M.U.; Dutta R.; Heeren D.M.","Mendes, Willians Ribeiro (7003469946); Araújo, Fábio Meneghetti U. (35316777100); Dutta, Ritaban (7102252875); Heeren, Derek M. (35098602800)","7003469946; 35316777100; 7102252875; 35098602800","Fuzzy control system for variable rate irrigation using remote sensing","2019","https://www.scopus.com/inward/record.uri?eid=2-s2.0-85060315089&doi=10.1016%2fj.eswa.2019.01.043&partnerID=40&md5=8e81131e08df66fd5617ca646f3f3afa","2-s2.0-85060315089"
"de Lima T.A.; Da-Costa Abreu M.C.","de Lima, Thales Aguiar (57314713500); Da-Costa Abreu, Márjory Cristiany (57575434900)","57314713500; 57575434900","Phoneme analysis for multiple languages with fuzzy-based speaker identification","2022","https://www.scopus.com/inward/record.uri?eid=2-s2.0-85134650245&doi=10.1049%2fbme2.12078&partnerID=40&md5=09741b090ffa2f9101d172f0147a322d","2-s2.0-85134650245"
"Caleiro C.; Marcelino S.; Rivieccio U.","Caleiro, Carlos (6602228219); Marcelino, Sérgio (56584322100); Rivieccio, Umberto (26632629800)","6602228219; 56584322100; 26632629800","Characterizing finite-valuedness","2018","https://www.scopus.com/inward/record.uri?eid=2-s2.0-85035063945&doi=10.1016%2fj.fss.2017.10.014&partnerID=40&md5=094b14710aee637e6a04d5ef37468fde","2-s2.0-85035063945"
"Lima Filho F.S.D.; Silveira F.A.F.; De Medeiros Brito Junior A.; Vargas-Solar G.; Silveira L.F.","Lima Filho, Francisco Sales De (57216152589); Silveira, Frederico A. F. (57216156011); De Medeiros Brito Junior, Agostinho (57198355339); Vargas-Solar, Genoveva (14632835700); Silveira, Luiz F. (56363591700)","57216152589; 57216156011; 57198355339; 14632835700; 56363591700","Smart Detection: An Online Approach for DoS/DDoS Attack Detection Using Machine Learning","2019","https://www.scopus.com/inward/record.uri?eid=2-s2.0-85078853432&doi=10.1155%2f2019%2f1574749&partnerID=40&md5=f969d70abda8f65782bde153f31515b2","2-s2.0-85078853432"
"Medeiros P.A.D.L.; Silva G.V.S.D.; Fernandes F.R.D.S.; Sánchez-Gendriz I.; Lins H.W.C.; Barros D.M.D.S.; Nagem D.A.P.; Valentim R.A.D.M.","Medeiros, Paulo Augusto de Lima (57304175100); Silva, Gabriel Vinícius Souza da (57215429087); Fernandes, Felipe Ricardo dos Santos (57208327846); Sánchez-Gendriz, Ignacio (56495540200); Lins, Hertz Wilton Castro (57222580164); Barros, Daniele Montenegro da Silva (57216405721); Nagem, Danilo Alves Pinto (56966771800); Valentim, Ricardo Alexsandro de Medeiros (35606294400)","57304175100; 57215429087; 57208327846; 56495540200; 57222580164; 57216405721; 56966771800; 35606294400","Efficient machine learning approach for volunteer eye-blink detection in real-time using webcam","2022","https://www.scopus.com/inward/record.uri?eid=2-s2.0-85117617175&doi=10.1016%2fj.eswa.2021.116073&partnerID=40&md5=1bbe0537b26640217620552244ee7e9d","2-s2.0-85117617175"
"Sigman M.; Slezak D.F.; Drucaroff L.; Ribeiro S.; Carrillo F.","Sigman, Mariano (8575769900); Slezak, Diego Fernandez (23049951900); Drucaroff, Lucas (36472968400); Ribeiro, Sidarta (7102629648); Carrillo, Facundo (56118056100)","8575769900; 23049951900; 36472968400; 7102629648; 56118056100","Artificial and Human Intelligence in Mental Health","2021","https://www.scopus.com/inward/record.uri?eid=2-s2.0-85116283716&doi=10.1002%2fj.2371-9621.2021.tb00009.x&partnerID=40&md5=6836bb444be2340db4c9a74dff38e053","2-s2.0-85116283716"
"De Sousa T.F.B.; Fernandes M.A.C.","De Sousa, Tiago F. B. (56258397000); Fernandes, Marcelo A. C. (7202947679)","56258397000; 7202947679","Butterfly neural filter applied to beamforming","2019","https://www.scopus.com/inward/record.uri?eid=2-s2.0-85070296822&doi=10.1109%2fACCESS.2019.2929590&partnerID=40&md5=408a2114c1cbf02cb90b3eb5f1c93615","2-s2.0-85070296822"
"Spezzatto G.S.; Flauzino J.V.V.; Corso G.; Boaretto B.R.R.; Macau E.E.N.; Prado T.L.; Lopes S.R.","Spezzatto, G.S. (59227891500); Flauzino, J.V.V. (58119496000); Corso, G. (56250847700); Boaretto, B.R.R. (57195327171); Macau, E.E.N. (6701767295); Prado, T.L. (56387273600); Lopes, S.R. (7006796425)","59227891500; 58119496000; 56250847700; 57195327171; 6701767295; 56387273600; 7006796425","Recurrence microstates for machine learning classification","2024","https://www.scopus.com/inward/record.uri?eid=2-s2.0-85199133018&doi=10.1063%2f5.0203801&partnerID=40&md5=27c310a73a530686c3445946e2950c5c","2-s2.0-85199133018"
"Santo Y.; Immich R.; Dalmazo B.L.; Riker A.","Santo, Yuri (58089286900); Immich, Roger (23990618900); Dalmazo, Bruno L. (36547656800); Riker, André (54896460500)","58089286900; 23990618900; 36547656800; 54896460500","Fault Detection on the Edge and Adaptive Communication for State of Alert in Industrial Internet of Things","2023","https://www.scopus.com/inward/record.uri?eid=2-s2.0-85152306885&doi=10.3390%2fs23073544&partnerID=40&md5=4b3a6f2e8d5ecaea747fdb2f5e4d4ae0","2-s2.0-85152306885"
"Pestana M.S.; Kalombo R.B.; Freire Júnior R.C.S.; Ferreira J.L.A.; da Silva C.R.M.; Araújo J.A.","Pestana, Mielle Silva (57192416473); Kalombo, Remy Badibanga (57215184473); Freire Júnior, Raimundo Carlos Silverio (36979704500); Ferreira, Jorge Luiz Almeida (7403252411); da Silva, Cosme Roberto Moreira (25931164300); Araújo, José Alexander (23088276800)","57192416473; 57215184473; 36979704500; 7403252411; 25931164300; 23088276800","Use of artificial neural network to assess the effect of mean stress on fatigue of overhead conductors","2018","https://www.scopus.com/inward/record.uri?eid=2-s2.0-85055987786&doi=10.1111%2fffe.12858&partnerID=40&md5=278975f18aa65d7ed71266e8f7afb16a","2-s2.0-85055987786"
"Fonseca G.A.; Ferreira D.D.; Costa F.B.; Almeida A.R.","Fonseca, Gabriel A. (57221801082); Ferreira, Danton D. (23977842900); Costa, Flávio B. (22333585200); Almeida, Aryfrance R. (55254352600)","57221801082; 23977842900; 22333585200; 55254352600","Fault Classification in Transmission Lines Using Random Forest and Notch Filter","2022","https://www.scopus.com/inward/record.uri?eid=2-s2.0-85118578884&doi=10.1007%2fs40313-021-00844-4&partnerID=40&md5=9a79f797b42003a07f7b5eeccac2151a","2-s2.0-85118578884"
"Flores T.K.S.; Silva I.; Azevedo M.B.; de Medeiros T.D.A.; Medeiros M.D.A.; Costa D.G.; Ferrari P.; Sisinni E.","Flores, Thommas K. S. (57211156889); Silva, Ivanovitch (36537969500); Azevedo, Mariana B. (58167671300); de Medeiros, Thais de A. (58538636900); Medeiros, Morsinaldo de A. (58168755900); Costa, Daniel G. (35519411300); Ferrari, Paolo (57195277194); Sisinni, Emiliano (24777116800)","57211156889; 36537969500; 58167671300; 58538636900; 58168755900; 35519411300; 57195277194; 24777116800","Advancing TinyMLOps: Robust Model Updates in the Internet of Intelligent Vehicles","2024","https://www.scopus.com/inward/record.uri?eid=2-s2.0-85182945098&doi=10.1109%2fMM.2024.3354323&partnerID=40&md5=15731d604b8251080f642a281d164fc4","2-s2.0-85182945098"
"Signoretti G.; Silva M.; Andrade P.; Silva I.; Sisinni E.; Ferrari P.","Signoretti, Gabriel (57192920994); Silva, Marianne (57207807053); Andrade, Pedro (57225443488); Silva, Ivanovitch (36537969500); Sisinni, Emiliano (24777116800); Ferrari, Paolo (57195277194)","57192920994; 57207807053; 57225443488; 36537969500; 24777116800; 57195277194","An evolving tinyml compression algorithm for iot environments based on data eccentricity","2021","https://www.scopus.com/inward/record.uri?eid=2-s2.0-85107982881&doi=10.3390%2fs21124153&partnerID=40&md5=e5a531080c0a802966382b71021c8844","2-s2.0-85107982881"
"Cãmara E.C.B.; Kalombo R.B.; Ferreira J.L.A.; Araújo J.A.; Freire Júnior R.C.S.","Cãmara, Eduardo César Bezerra (54388084300); Kalombo, Remy B. (57215184473); Ferreira, Jorge L.A. (7403252411); Araújo, José Alexander (23088276800); Freire Júnior, Raimundo Carlos Silverio (36979704500)","54388084300; 57215184473; 7403252411; 23088276800; 36979704500","Estimating fatigue behavior of a family of aluminum overhead conductors using ANNs","2021","https://www.scopus.com/inward/record.uri?eid=2-s2.0-85099092590&doi=10.1111%2fffe.13408&partnerID=40&md5=e407126dd30b6798e0393007d935d20e","2-s2.0-85099092590"
"Roza V.C.C.; Postolache O.A.","Roza, Válber César Cavalcanti (24438125300); Postolache, Octavian Adrian (6701457335)","24438125300; 6701457335","Multimodal approach for emotion recognition based on simulated flight experiments","2019","https://www.scopus.com/inward/record.uri?eid=2-s2.0-85078141774&doi=10.3390%2fs19245516&partnerID=40&md5=d95e2ee5e1f59df7e480d36be6ff8ba2","2-s2.0-85078141774"
"Papaiz F.; Dourado M.E.T., Jr.; de Medeiros Valentim R.A.; Pinto R.; de Morais A.H.F.; Arrais J.P.","Papaiz, Fabiano (57695367300); Dourado, Mario Emílio Teixeira (6701796974); de Medeiros Valentim, Ricardo Alexsandro (26321565600); Pinto, Rafael (58945646900); de Morais, Antônio Higor Freire (57609923400); Arrais, Joel Perdiz (18036537200)","57695367300; 6701796974; 26321565600; 58945646900; 57609923400; 18036537200","Ensemble-imbalance-based classification for amyotrophic lateral sclerosis prognostic prediction: identifying short-survival patients at diagnosis","2024","https://www.scopus.com/inward/record.uri?eid=2-s2.0-85188052696&doi=10.1186%2fs12911-024-02484-5&partnerID=40&md5=7e57b26f43b8e18c62e4f9a21800b6c1","2-s2.0-85188052696"
"Vale K.M.O.; Gorgonio A.C.; Da Luz E Gorgonio F.; De Paula Canuto A.M.","Vale, Karliane Medeiros Ovidio (25634842700); Gorgonio, Arthur Costa (57203487741); Da Luz E Gorgonio, Flavius (56910052100); De Paula Canuto, Anne Magaly (15022041200)","25634842700; 57203487741; 56910052100; 15022041200","An Efficient Approach to Select Instances in Self-Training and Co-Training Semi-Supervised Methods","2022","https://www.scopus.com/inward/record.uri?eid=2-s2.0-85122277958&doi=10.1109%2fACCESS.2021.3138682&partnerID=40&md5=80ac252524abc12030ce37546e7d5cc6","2-s2.0-85122277958"
"Paiva R.; Bedregal B.; Santiago R.; Vieira T.","Paiva, Rui (57203242664); Bedregal, Benjamín (15520790700); Santiago, Regivan (7006674404); Vieira, Thiago (57223219353)","57203242664; 15520790700; 7006674404; 57223219353","Residuated implications derived from quasi-overlap functions on lattices","2021","https://www.scopus.com/inward/record.uri?eid=2-s2.0-85105316591&doi=10.1016%2fj.ijar.2021.04.008&partnerID=40&md5=2e2c8b01af1dd7f2a88706b702d85314","2-s2.0-85105316591"
"Lopes F.F.; Ferreira J.C.; Fernandes M.A.C.","Lopes, Felipe F. (57210151112); Ferreira, João Canas (7403252405); Fernandes, Marcelo A. C. (7202947679)","57210151112; 7403252405; 7202947679","Parallel implementation on FPGA of support vector machines using stochastic gradient descent","2019","https://www.scopus.com/inward/record.uri?eid=2-s2.0-85069709533&doi=10.3390%2felectronics8060631&partnerID=40&md5=10b06d9d504635a7abd6915ce6cdaa39","2-s2.0-85069709533"
"Wang X.; Fairhurst M.C.; Canuto A.M.P.","Wang, Xuejian (57205627786); Fairhurst, Michael C. (7007162548); Canuto, Anne M.P. (15022041200)","57205627786; 7007162548; 15022041200","Improving multi-view facial expression recognition through two novel texture-based feature representations","2020","https://www.scopus.com/inward/record.uri?eid=2-s2.0-85098260335&doi=10.3233%2fIDA-194798&partnerID=40&md5=b224973ac6daba43336a944f40545ba4","2-s2.0-85098260335"
"Oliveira G.A.B.; Cardoso R.A.; Júnior R.C.S.F.; Doca T.; Araújo J.A.","Oliveira, Giorgio André Brito (57204290011); Cardoso, Raphael Araújo (56229959800); Júnior, Raimundo Carlos Silverio Freire (36979704500); Doca, Thiago (55143947600); Araújo, José Alexander (23088276800)","57204290011; 56229959800; 36979704500; 55143947600; 23088276800","On the generalization capability of artificial neural networks used to estimate fretting fatigue life","2024","https://www.scopus.com/inward/record.uri?eid=2-s2.0-85181773110&doi=10.1016%2fj.triboint.2023.109222&partnerID=40&md5=ddd6a2eea9f3b3fd65cb5a55112a19df","2-s2.0-85181773110"
"Farias E.; Terrematte P.; Stransky B.","Farias, Epitácio (58575284900); Terrematte, Patrick (40462477300); Stransky, Beatriz (6506177045)","58575284900; 40462477300; 6506177045","Machine Learning Gene Signature to Metastatic ccRCC Based on ceRNA Network","2024","https://www.scopus.com/inward/record.uri?eid=2-s2.0-85191406518&doi=10.3390%2fijms25084214&partnerID=40&md5=77057dcebc33473bebb753a39d409c74","2-s2.0-85191406518"
"Goes C.B.D.; Canabarro A.; Duzzioni E.I.; Maciel T.O.","Goes, Caio B. D. (57222297183); Canabarro, Askery (56690175400); Duzzioni, Eduardo I. (8902509200); Maciel, Thiago O. (34980037200)","57222297183; 56690175400; 8902509200; 34980037200","Automated machine learning can classify bound entangled states with tomograms","2021","https://www.scopus.com/inward/record.uri?eid=2-s2.0-85102190139&doi=10.1007%2fs11128-021-03037-9&partnerID=40&md5=641b2b330722c7b95e38a96e755a98c9","2-s2.0-85102190139"
"Melo E.; Silva I.; Costa D.G.; Viegas C.M.D.; Barros T.M.","Melo, Elvis (58029117100); Silva, Ivanovitch (36537969500); Costa, Daniel G. (35519411300); Viegas, Carlos M. D. (57205118256); Barros, Thiago M. (57211848574)","58029117100; 36537969500; 35519411300; 57205118256; 57211848574","On the Use of eXplainable Artificial Intelligence to Evaluate School Dropout","2022","https://www.scopus.com/inward/record.uri?eid=2-s2.0-85144686899&doi=10.3390%2feducsci12120845&partnerID=40&md5=b09ee2ee9871b1dd48ca5fa8eaf82ac4","2-s2.0-85144686899"
"Vieira J.C.; Guedes L.A.; Santos M.R.; Sanchez-Gendriz I.","Vieira, Jusciaane Chacon (58781100000); Guedes, Luiz Affonso (35761038800); Santos, Mailson Ribeiro (57219689542); Sanchez-Gendriz, Ignacio (56495540200)","58781100000; 35761038800; 57219689542; 56495540200","Using Explainable Artificial Intelligence to Obtain Efficient Seizure-Detection Models Based on Electroencephalography Signals","2023","https://www.scopus.com/inward/record.uri?eid=2-s2.0-85180617958&doi=10.3390%2fs23249871&partnerID=40&md5=6dee6ce4a439e8b7d8870479c259d340","2-s2.0-85180617958"
"Santos G.L.; Endo P.T.; Monteiro K.H.C.; Rocha E.D.S.; Silva I.; Lynn T.","Santos, Guto Leoni (57195960665); Endo, Patricia Takako (36160299900); Monteiro, Kayo Henrique de Carvalho (57206669777); Rocha, Elisson da Silva (57201277232); Silva, Ivanovitch (36537969500); Lynn, Theo (25825321500)","57195960665; 36160299900; 57206669777; 57201277232; 36537969500; 25825321500","Accelerometer-based human fall detection using convolutional neural networks","2019","https://www.scopus.com/inward/record.uri?eid=2-s2.0-85064532574&doi=10.3390%2fs19071644&partnerID=40&md5=bb0639c4445e884e08a64cf2a10ec75c","2-s2.0-85064532574"
"Rego R.C.B.; de Araújo F.M.U.","Rego, Rosana C.B. (57216762803); de Araújo, Fábio Meneghetti U. (35316777100)","57216762803; 35316777100","Lyapunov-based continuous-time nonlinear control using deep neural network applied to underactuated systems","2022","https://www.scopus.com/inward/record.uri?eid=2-s2.0-85118488743&doi=10.1016%2fj.engappai.2021.104519&partnerID=40&md5=4dcc1cda532defb91e8000a613cad87d","2-s2.0-85118488743"
"Lins R.A.S.; Dória A.D.N.; Melo J.D.D.","Lins, Ramon Augusto Sousa (57209282917); Dória, Adrião Duarte Neto (57209283982); Melo, Jorge Dantas de (55664205300)","57209282917; 57209283982; 55664205300","Deep reinforcement learning applied to the k-server problem","2019","https://www.scopus.com/inward/record.uri?eid=2-s2.0-85067208307&doi=10.1016%2fj.eswa.2019.06.015&partnerID=40&md5=407a4b7a56005077eb971be3d3f63a2f","2-s2.0-85067208307"
"Souza E.L.; Santiago R.H.N.; Canuto A.M.P.; Nunes R.O.","Souza, Emmanuelly L. (57198883544); Santiago, Regivan H. N. (7006674404); Canuto, Anne M. P. (15022041200); Nunes, Romulo O. (57197728752)","57198883544; 7006674404; 15022041200; 57197728752","Gradual Complex Numbers and Their Application for Performance Evaluation Classifiers","2018","https://www.scopus.com/inward/record.uri?eid=2-s2.0-85044987616&doi=10.1109%2fTFUZZ.2017.2688390&partnerID=40&md5=d8d09b5874e4c7919642abee555ad52b","2-s2.0-85044987616"
"Kalombo R.B.; Pestana M.S.; Freire Júnior R.C.S.; Ferreira J.L.A.; Silva C.R.M.; Veloso L.A.C.M.; Câmara E.C.B.; Araújo J.A.","Kalombo, R.B. (57215184473); Pestana, M.S. (57192416473); Freire Júnior, R.C.S. (36979704500); Ferreira, J.L.A. (7403252411); Silva, C.R.M. (25931164300); Veloso, L.A.C.M. (55606339100); Câmara, E.C.B. (54388084300); Araújo, J.A. (23088276800)","57215184473; 57192416473; 36979704500; 7403252411; 25931164300; 55606339100; 54388084300; 23088276800","Fatigue life estimation of an all aluminium alloy 1055 MCM conductor for different mean stresses using an artificial neural network","2020","https://www.scopus.com/inward/record.uri?eid=2-s2.0-85087939037&doi=10.1016%2fj.ijfatigue.2020.105814&partnerID=40&md5=fe46bd046977f2031bbe229dc9f9b553","2-s2.0-85087939037"
"Endo P.T.; Santos G.L.; Xavier M.E.L.; Campos G.R.N.; de Lima L.C.; Silva I.; Egli A.; Lynn T.","Endo, Patricia Takako (36160299900); Santos, Guto Leoni (57195960665); Xavier, Maria Eduarda de Lima (57614799100); Campos, Gleyson Rhuan Nascimento (57615459000); de Lima, Luciana Conceição (57216244660); Silva, Ivanovitch (36537969500); Egli, Antonia (57224502039); Lynn, Theo (25825321500)","36160299900; 57195960665; 57614799100; 57615459000; 57216244660; 36537969500; 57224502039; 25825321500","Illusion of Truth: Analysing and Classifying COVID-19 Fake News in Brazilian Portuguese Language","2022","https://www.scopus.com/inward/record.uri?eid=2-s2.0-85128767382&doi=10.3390%2fbdcc6020036&partnerID=40&md5=a1d89b5ad11c26ac1df0bfb478b6be71","2-s2.0-85128767382"
"Andrade P.; Silva I.; Diniz M.; Flores T.; Costa D.G.; Soares E.","Andrade, Pedro (57225443488); Silva, Ivanovitch (36537969500); Diniz, Marianne (59139247400); Flores, Thommas (57211156889); Costa, Daniel G. (35519411300); Soares, Eduardo (57195931360)","57225443488; 36537969500; 59139247400; 57211156889; 35519411300; 57195931360","Online Processing of Vehicular Data on the Edge Through an Unsupervised TinyML Regression Technique","2024","https://www.scopus.com/inward/record.uri?eid=2-s2.0-85193922255&doi=10.1145%2f3591356&partnerID=40&md5=da88dee13693583e2725260a387773ba","2-s2.0-85193922255"
"da Silva D.R.B.; de Araújo T.M.U.; do Rêgo T.G.; Brandão M.A.C.; Gonçalves L.M.G.","da Silva, Diego R. B. (58447930100); de Araújo, Tiago Maritan U. (20435623900); do Rêgo, Thaís Gaudencio (36968927500); Brandão, Manuella Aschoff Cavalcanti (57197808757); Gonçalves, Luiz Marcos Garcia (58069927800)","58447930100; 20435623900; 36968927500; 57197808757; 58069927800","A multiple stream architecture for the recognition of signs in Brazilian sign language in the context of health","2024","https://www.scopus.com/inward/record.uri?eid=2-s2.0-85165971447&doi=10.1007%2fs11042-023-16332-7&partnerID=40&md5=ecc9366342ec1642216d0fb6b7057ce9","2-s2.0-85165971447"
"Schmitz M.; Immich R.; Pessin G.; Pereira Rocha Filho G.","Schmitz, Matheus (57402078500); Immich, Roger (23990618900); Pessin, Gustavo (35318536200); Pereira Rocha Filho, Geraldo (57402795100)","57402078500; 23990618900; 35318536200; 57402795100","Towards the Categorization of Brazilian Financial Market Headlines","2022","https://www.scopus.com/inward/record.uri?eid=2-s2.0-85122396241&doi=10.1109%2fTLA.2022.9661475&partnerID=40&md5=cfb26eb4539cc79fe481984ec7a6529c","2-s2.0-85122396241"
"Da Costa R.D.; De Souza G.F.; De Castro T.B.; De Medeiros Valentim R.A.; De Pinho Dias A.","Da Costa, Roberto Douglas (57218698543); De Souza, Gustavo Fontoura (57200138662); De Castro, Thales Barros (57218698855); De Medeiros Valentim, Ricardo Alexsandro (35606294400); De Pinho Dias, Aline (57218698934)","57218698543; 57200138662; 57218698855; 35606294400; 57218698934","Identification of Learning Styles in Distance Education through the Interaction of the Student with a Learning Management System","2020","https://www.scopus.com/inward/record.uri?eid=2-s2.0-85090084585&doi=10.1109%2fRITA.2020.3008131&partnerID=40&md5=814d4492d930ed05611899a558a524bd","2-s2.0-85090084585"
"Loddo A.; Di Ruberto C.; Vale A.M.P.G.; Ucchesu M.; Soares J.M.; Bacchetta G.","Loddo, A. (56913288500); Di Ruberto, C. (57215656413); Vale, A.M.P.G. (56469072500); Ucchesu, M. (57207680887); Soares, J.M. (57221813078); Bacchetta, G. (6505972132)","56913288500; 57215656413; 56469072500; 57207680887; 57221813078; 6505972132","An effective and friendly tool for seed image analysis","2022","https://www.scopus.com/inward/record.uri?eid=2-s2.0-85123063377&doi=10.1007%2fs00371-021-02333-w&partnerID=40&md5=4a39a070f942da0a75267a168b935ecf","2-s2.0-85123063377"
"Costa da Silva L.; Monks E.; Yamin A.; Reiser R.; Bedregal B.","Costa da Silva, Lidiane (58657401000); Monks, Eduardo (57287034800); Yamin, Adenauer (6603919582); Reiser, Renata (8240172800); Bedregal, Benjamín (15520790700)","58657401000; 57287034800; 6603919582; 8240172800; 15520790700","ωA-IvE methodology: Admissible interleaving entropy methods applied to video streaming traffic classification","2024","https://www.scopus.com/inward/record.uri?eid=2-s2.0-85174598924&doi=10.1016%2fj.ijar.2023.109061&partnerID=40&md5=8445ded891c0f5922c594e7aaaf54c11","2-s2.0-85174598924"
"Memmolo P.; Carcagnì P.; Bianco V.; Merola F.; da Silva Junior A.G.; Goncalves L.M.G.; Ferraro P.; Distante C.","Memmolo, Pasquale (24478818300); Carcagnì, Pierluigi (23003296600); Bianco, Vittorio (55389283400); Merola, Francesco (25522440300); da Silva Junior, Andouglas Goncalves (57190608444); Goncalves, Luis Marcos Garcia (58069927800); Ferraro, Pietro (58634769400); Distante, Cosimo (55884135100)","24478818300; 23003296600; 55389283400; 25522440300; 57190608444; 58069927800; 58634769400; 55884135100","Learning diatoms classification from a dry test slide by holographic microscopy","2020","https://www.scopus.com/inward/record.uri?eid=2-s2.0-85096031178&doi=10.3390%2fs20216353&partnerID=40&md5=2d9fc953e1003ab90a7f06be37db508a","2-s2.0-85096031178"
"Lopes S.R.; Prado T.L.; Corso G.; dos S. Lima G.Z.; Kurths J.","Lopes, S.R. (59312426400); Prado, T.L. (56387273600); Corso, G. (56250847700); dos S. Lima, G.Z. (57213677550); Kurths, J. (35317963900)","59312426400; 56387273600; 56250847700; 57213677550; 35317963900","Parameter-free quantification of stochastic and chaotic signals","2020","https://www.scopus.com/inward/record.uri?eid=2-s2.0-85077950072&doi=10.1016%2fj.chaos.2020.109616&partnerID=40&md5=d99a0258a8661226b8e0ba2f25e53a9b","2-s2.0-85077950072"
"Silva J.; Kreutz M.; Pereira M.; Costa-Abreu M.D.","Silva, Jefferson (57210705585); Kreutz, Márcio (8833771300); Pereira, Monica (23135826400); Costa-Abreu, Marjory Da (14038905200)","57210705585; 8833771300; 23135826400; 14038905200","An investigation of latency prediction for NoC-based communication architectures using machine learning techniques","2019","https://www.scopus.com/inward/record.uri?eid=2-s2.0-85071247763&doi=10.1007%2fs11227-019-02971-x&partnerID=40&md5=6fdfb94eca80ace2d192362c5d59a26c","2-s2.0-85071247763"
"de Souza Batista G.; Clemente de Lacerda M.; Pires Aragão D.; Cabral de Araújo M.M.; Lima Rodrigues A.C.","de Souza Batista, Gabriele (58982310000); Clemente de Lacerda, Mateus (58981755400); Pires Aragão, Dunfrey (58981194200); Cabral de Araújo, Marília Marcy (58981572000); Lima Rodrigues, Andrea Carla (57574535600)","58982310000; 58981755400; 58981194200; 58981572000; 57574535600","Modeling the decay of free residual chlorine in water distribution networks in Brazilian rural communities using artificial neural network","2024","https://www.scopus.com/inward/record.uri?eid=2-s2.0-85190101617&doi=10.1016%2fj.jwpe.2024.105312&partnerID=40&md5=e3a8ab35d33f3cf01d0a71520092a9ce","2-s2.0-85190101617"
"Guimarães C.J.B.V.; Fernandes M.A.C.","Guimarães, Caio José B. V. (57219227412); Fernandes, Marcelo A. C. (7202947679)","57219227412; 7202947679","Real-time neural networks implementation proposal for microcontrollers","2020","https://www.scopus.com/inward/record.uri?eid=2-s2.0-85091738049&doi=10.3390%2felectronics9101597&partnerID=40&md5=2a9eddac43d5b1e8aa69f6d2a69fd1f7","2-s2.0-85091738049"
"Bustince H.; Mesiar R.; Fernandez J.; Galar M.; Paternain D.; Altalhi A.; Dimuro G.P.; Bedregal B.; Takáč Z.","Bustince, H. (55034746100); Mesiar, R. (7004621213); Fernandez, J. (57198957963); Galar, M. (35731257600); Paternain, D. (35435798900); Altalhi, A. (55320310600); Dimuro, G.P. (6508226260); Bedregal, B. (15520790700); Takáč, Z. (55546506200)","55034746100; 7004621213; 57198957963; 35731257600; 35435798900; 55320310600; 6508226260; 15520790700; 55546506200","d-Choquet integrals: Choquet integrals based on dissimilarities","2021","https://www.scopus.com/inward/record.uri?eid=2-s2.0-85082796563&doi=10.1016%2fj.fss.2020.03.019&partnerID=40&md5=3c607349e192420bb58450ccfc6e1e5b","2-s2.0-85082796563"
"Diniz B.D.C.; Freire Júnior R.C.S.","Diniz, Bruno da Cunha (57202659064); Freire Júnior, Raimundo Carlos Silverio (36979704500)","57202659064; 36979704500","Study of the fatigue behavior of composites using modular ANN with the incorporation of a posteriori failure probability","2020","https://www.scopus.com/inward/record.uri?eid=2-s2.0-85075457138&doi=10.1016%2fj.ijfatigue.2019.105357&partnerID=40&md5=901fd6a6acc31ab15212161fa592de99","2-s2.0-85075457138"
"Brito Guerra T.C.D.; De Santana P.M.; Medeiros Campos M.M.D.; Oliveira Mattos M.D.; De Medeiros A.A.M.; De Sousa V.A.","Brito Guerra, Tarciana Cabral De (57211777900); De Santana, Pedro Maia (57205347855); Medeiros Campos, Millena Michely De (57211789312); Oliveira Mattos, Mateus De (57211780063); De Medeiros, Alvaro A. M. (15924771000); De Sousa, Vicente Angelo (6603844872)","57211777900; 57205347855; 57211789312; 57211780063; 15924771000; 6603844872","RF-Driven Crowd-Size Classification via Machine Learning","2019","https://www.scopus.com/inward/record.uri?eid=2-s2.0-85074989781&doi=10.1109%2fLAWP.2019.2932076&partnerID=40&md5=7de65732cb7f8b02a5e11c247f55fdf5","2-s2.0-85074989781"
"Xavier-Júnior J.C.; Freitas A.A.; Ludermir T.B.; Feitosa-Neto A.; Barreto C.A.S.","Xavier-Júnior, João C. (56366404800); Freitas, Alex A. (55490514300); Ludermir, Teresa B. (6604058532); Feitosa-Neto, Antonino (36628950100); Barreto, Cephas A.S. (57195322096)","56366404800; 55490514300; 6604058532; 36628950100; 57195322096","An evolutionary algorithm for automated machine learning focusing on classifier ensembles: An improved algorithm and extended results","2020","https://www.scopus.com/inward/record.uri?eid=2-s2.0-85076560760&doi=10.1016%2fj.tcs.2019.12.002&partnerID=40&md5=165bdeeb9e84dca09e170568fc7d04bf","2-s2.0-85076560760"
"Brito Oliveira G.A.; Freire Júnior R.C.S.; Conte Mendes Veloso L.A.; Araújo J.A.","Brito Oliveira, Giorgio André (57204290011); Freire Júnior, Raimundo Carlos Silverio (36979704500); Conte Mendes Veloso, Luís Augusto (55606339100); Araújo, José Alexander (23088276800)","57204290011; 36979704500; 55606339100; 23088276800","A hybrid ANN-multiaxial fatigue nonlocal model to estimate fretting fatigue life for aeronautical Al alloys","2022","https://www.scopus.com/inward/record.uri?eid=2-s2.0-85131215656&doi=10.1016%2fj.ijfatigue.2022.107011&partnerID=40&md5=e150800f48230fb32d57e9a3e85f7a20","2-s2.0-85131215656"
"Rego R.C.B.; Araujo F.M.U.D.","Rego, Rosana Cibely Batista (57216762803); Araujo, Fabio Meneghetti Ugulino De (35316777100)","57216762803; 35316777100","Nonlinear control system with reinforcement learning and neural networks based lyapunov functions","2021","https://www.scopus.com/inward/record.uri?eid=2-s2.0-85112155118&doi=10.1109%2fTLA.2021.9475855&partnerID=40&md5=a55c2a753e800868a9eafdabe69577e2","2-s2.0-85112155118"
"Bessa W.M.; Lima G.D.S.","Bessa, Wallace Moreira (6506394388); Lima, Gabriel da Silva (57205730101)","6506394388; 57205730101","Intelligent Control of Seizure-Like Activity in a Memristive Neuromorphic Circuit Based on the Hodgkin–Huxley Model","2022","https://www.scopus.com/inward/record.uri?eid=2-s2.0-85144709046&doi=10.3390%2fjlpea12040054&partnerID=40&md5=2a036ba263383d088558c5a789001227","2-s2.0-85144709046"
"Andrade A.; Lopes K.; Lima B.; Maitelli A.","Andrade, Ana (57205887841); Lopes, Kennedy (57205882639); Lima, Bernardo (57205881924); Maitelli, André (6602549353)","57205887841; 57205882639; 57205881924; 6602549353","Development of a methodology using artificial neural network in the detection and diagnosis of faults for pneumatic control valves","2021","https://www.scopus.com/inward/record.uri?eid=2-s2.0-85099791677&doi=10.3390%2fs21030853&partnerID=40&md5=5e9e4bd2e19f3f24f4269d768f258089","2-s2.0-85099791677"
"Andrade D.S.; Terrematte P.; Rennó-Costa C.; Zilberberg A.; Efroni S.","Andrade, Dhiego Souto (57700480600); Terrematte, Patrick (40462477300); Rennó-Costa, César (35303342400); Zilberberg, Alona (6507547775); Efroni, Sol (55937571100)","57700480600; 40462477300; 35303342400; 6507547775; 55937571100","GENTLE: a novel bioinformatics tool for generating features and building classifiers from T cell repertoire cancer data","2023","https://www.scopus.com/inward/record.uri?eid=2-s2.0-85147021152&doi=10.1186%2fs12859-023-05155-w&partnerID=40&md5=66e65d07e60a317b6652f97d9ccf9b41","2-s2.0-85147021152"
"Barros W.K.P.; Barbosa M.T.; Dias L.A.; Fernandes M.A.C.","Barros, Wysterlânya K. P. (57217063870); Barbosa, Matheus T. (57877822600); Dias, Leonardo A. (57216084309); Fernandes, Marcelo A. C. (7202947679)","57217063870; 57877822600; 57216084309; 7202947679","Fully Parallel Proposal of Naive Bayes on FPGA","2022","https://www.scopus.com/inward/record.uri?eid=2-s2.0-85137384743&doi=10.3390%2felectronics11162565&partnerID=40&md5=6fa133c2b737ccba8360f1aaf3d698a2","2-s2.0-85137384743"
"Cardoso R.A.; Oliveira G.A.B.; Almeida G.M.J.; Araújo J.A.","Cardoso, R.A. (56229959800); Oliveira, G.A.B. (57204290011); Almeida, G.M.J. (57193097982); Araújo, J.A. (23088276800)","56229959800; 57204290011; 57193097982; 23088276800","A simple linear regression strategy for fretting fatigue life estimates","2024","https://www.scopus.com/inward/record.uri?eid=2-s2.0-85195219597&doi=10.1016%2fj.triboint.2024.109852&partnerID=40&md5=e4dfbd5c167a8986f251aef0512b881f","2-s2.0-85195219597"
"Cavalcanti G.D.C.; Mendes-Da-Silva W.; dos Santos Felipe I.J.; Santos L.A.","Cavalcanti, George D. C. (57204699257); Mendes-Da-Silva, Wesley (54950189500); dos Santos Felipe, Israel José (55918040700); Santos, Leonardo A. (59149386500)","57204699257; 54950189500; 55918040700; 59149386500","Recent advances in applications of machine learning in reward crowdfunding success forecasting","2024","https://www.scopus.com/inward/record.uri?eid=2-s2.0-85194532729&doi=10.1007%2fs00521-024-09886-6&partnerID=40&md5=aa381ca211e7d24c790b5ce76e9f5e4a","2-s2.0-85194532729"
"Silva I.; do Valle J.M.; Souza G.; Budke J.; Araújo D.; Carvalho B.; Cacho N.; Sales H.; Lopes F.; Silva Júnior R.","Silva, Iaslan (58370498300); do Valle, João Marcos (57219344971); Souza, Gabriel (57219337510); Budke, Jaine (57219340606); Araújo, Daniel (55103744400); Carvalho, Bruno (58358953500); Cacho, Nélio (17433450200); Sales, Henrique (57219336947); Lopes, Frederico (57193516964); Silva Júnior, Rivaldo (57219344258)","58370498300; 57219344971; 57219337510; 57219340606; 55103744400; 58358953500; 17433450200; 57219336947; 57193516964; 57219344258","Using micro-services and artificial intelligence to analyze images in criminal evidences","2021","https://www.scopus.com/inward/record.uri?eid=2-s2.0-85112558044&doi=10.1016%2fj.fsidi.2021.301197&partnerID=40&md5=1e7dc1733c66afa9ad7701afc7db4b26","2-s2.0-85112558044"
"Wang X.; Fairhurst M.C.; Canuto A.M.P.","Wang, Xuejian (57205627786); Fairhurst, Michael C. (7007162548); Canuto, Anne M. P. (15022041200)","57205627786; 7007162548; 15022041200","Determining Subcategories of Facial Expressions for Improved Performance in Practical Applications","2020","https://www.scopus.com/inward/record.uri?eid=2-s2.0-85083358887&doi=10.1142%2fS1469026820500042&partnerID=40&md5=b6e649c2dcfbf2438f26a294f1474965","2-s2.0-85083358887"
"Da Silva R.A.; Canuto A.M.D.P.; Barreto C.A.D.S.; Xavier J.C., Jr.","Da Silva, Robercy Alves (57226787462); Canuto, Anne Magaly De Paula (15022041200); Barreto, Cephas Alves Da Silveira (57195322096); Xavier, Joao Carlos (56366404800)","57226787462; 15022041200; 57195322096; 56366404800","Automatic Recommendation Method for Classifier Ensemble Structure Using Meta-Learning","2021","https://www.scopus.com/inward/record.uri?eid=2-s2.0-85112627768&doi=10.1109%2fACCESS.2021.3099689&partnerID=40&md5=bb441d0e3b9d7d45a46d7f7303cfce76","2-s2.0-85112627768"
"Barbosa J.F.; Correia J.A.F.O.; Júnior R.C.S.F.; De esus A.M.P.","Barbosa, Joelton Fonseca (57208358515); Correia, José A.F.O. (35168869200); Júnior, R.C.S. Freire (36979704500); De esus, Abílio M.P. (57195754611)","57208358515; 35168869200; 36979704500; 57195754611","Fatigue life prediction of metallic materials considering mean stress effects by means of an artificial neural network","2020","https://www.scopus.com/inward/record.uri?eid=2-s2.0-85079326265&doi=10.1016%2fj.ijfatigue.2020.105527&partnerID=40&md5=93aef5fe674eae85bfdd5451441314dd","2-s2.0-85079326265"
"Araújo V.G.D.; Bissiriou A.O.-S.; Villanueva J.M.M.; Villarreal E.R.L.; Salazar A.O.; Teixeira R.D.A.; Fonsêca D.A.D.M.","Araújo, Valbério Gonzaga de (57282612400); Bissiriou, Aziz Oloroun-Shola (58795612700); Villanueva, Juan Moises Mauricio (26665750100); Villarreal, Elmer Rolando Llanos (55361069800); Salazar, Andrés Ortiz (7102422753); Teixeira, Rodrigo de Andrade (57216837381); Fonsêca, Diego Antonio de Moura (36682132200)","57282612400; 58795612700; 26665750100; 55361069800; 7102422753; 57216837381; 36682132200","Monitoring and Diagnosing Faults in Induction Motors’ Three-Phase Systems Using NARX Neural Network","2024","https://www.scopus.com/inward/record.uri?eid=2-s2.0-85205060328&doi=10.3390%2fen17184609&partnerID=40&md5=a4347a1066b0c173ee9f53039c891f2a","2-s2.0-85205060328"
"Andrade P.; Silva M.; Medeiros M.; Costa D.G.; Silva I.","Andrade, Pedro (57225443488); Silva, Marianne (57207807053); Medeiros, Morsinaldo (58168755900); Costa, Daniel G. (35519411300); Silva, Ivanovitch (36537969500)","57225443488; 57207807053; 58168755900; 35519411300; 36537969500","TEDA-RLS: A TinyML Incremental Learning Approach for Outlier Detection and Correction","2024","https://www.scopus.com/inward/record.uri?eid=2-s2.0-85204447468&doi=10.1109%2fJSEN.2024.3458917&partnerID=40&md5=eb6e1c6b8564b1df22a64f78cc046ee0","2-s2.0-85204447468"
"Nascimento J.; Maitelli A.; Maitelli C.; Cavalcanti A.","Nascimento, João (24725329000); Maitelli, André (6602549353); Maitelli, Carla (57163638400); Cavalcanti, Anderson (8275338200)","24725329000; 6602549353; 57163638400; 8275338200","Diagnostic of operation conditions and sensor faults using machine learning in sucker-rod pumping wells","2021","https://www.scopus.com/inward/record.uri?eid=2-s2.0-85108957027&doi=10.3390%2fs21134546&partnerID=40&md5=fced09907abefd403b50da5078cbbc99","2-s2.0-85108957027"
"Blanco W.; Tabak J.; Bertram R.","Blanco, Wilfredo (12787663600); Tabak, Joel (7003520430); Bertram, Richard (7004379894)","12787663600; 7003520430; 7004379894","Population bursts in a modular neural network as a mechanism for synchronized activity in KNDy neurons","2024","https://www.scopus.com/inward/record.uri?eid=2-s2.0-85200129988&doi=10.1371%2fjournal.pcbi.1011820&partnerID=40&md5=b212c2bd2ff9f4df7283279920183061","2-s2.0-85200129988"
"Marques L.; Eugênio P.; Bastos L.; Santos H.; Rosário D.; Nogueira E.; Cerqueira E.; Kreutz M.; Neto A.","Marques, Leonardo (58548808500); Eugênio, Paulo (58628088300); Bastos, Lucas (57215310926); Santos, Hugo (57196584884); Rosário, Denis (54891918700); Nogueira, Eduardo (57189387758); Cerqueira, Eduardo (23134706000); Kreutz, Márcio (8833771300); Neto, Augusto (35105652600)","58548808500; 58628088300; 57215310926; 57196584884; 54891918700; 57189387758; 23134706000; 8833771300; 35105652600","Analysis of Electrical Signals by Machine Learning for Classification of Individualized Electronics on the Internet of Smart Grid Things (IoSGT) architecture","2023","https://www.scopus.com/inward/record.uri?eid=2-s2.0-85172860271&doi=10.5753%2fjisa.2023.3076&partnerID=40&md5=e8b3645da2ae9fd44153eaffca7559b7","2-s2.0-85172860271"
"Câmara E.C.B.; Kalombo R.B.; Ferreira J.L.A.; Araújo J.A.; Freire Júnior R.C.S.","Câmara, Eduardo César Bezerra (54388084300); Kalombo, R.B. (57215184473); Ferreira, J.L.A. (7403252411); Araújo, José Alexander (23088276800); Freire Júnior, Raimundo Carlos Silverio (36979704500)","54388084300; 57215184473; 7403252411; 23088276800; 36979704500","Estimating the fatigue behavior of a family of aluminum conductor cables using ANNs applying the Poffenberger-Swart formula","2022","https://www.scopus.com/inward/record.uri?eid=2-s2.0-85124019871&doi=10.1016%2fj.ijfatigue.2022.106766&partnerID=40&md5=4fddd71b7c92560dad91425286c4dff3","2-s2.0-85124019871"
"Barreto T.D.O.; Veras N.V.R.; Cardoso P.H.; Fernandes F.R.D.S.; Medeiros L.P.D.S.; Bezerra M.V.; Andrade F.M.Q.D.; Pinheiro C.D.O.; Sánchez-Gendriz I.; Silva G.J.P.C.; Rodrigues L.F.; Morais A.H.F.D.; dos Santos J.P.Q.; Paiva J.C.; Andrade I.G.M.D.; Valentim R.A.D.M.","Barreto, Tiago de Oliveira (58777546600); Veras, Nícolas Vinícius Rodrigues (57204035776); Cardoso, Pablo Holanda (57959236300); Fernandes, Felipe Ricardo dos Santos (57208327846); Medeiros, Luiz Paulo de Souza (57220022529); Bezerra, Maria Valéria (58777152700); Andrade, Filomena Marques Queiroz de (58777351600); Pinheiro, Chander de Oliveira (58777546800); Sánchez-Gendriz, Ignacio (56495540200); Silva, Gleyson José Pinheiro Caldeira (58633872200); Rodrigues, Leandro Farias (58777152800); Morais, Antonio Higor Freire de (25626432200); dos Santos, João Paulo Queiroz (57694054600); Paiva, Jailton Carlos (57195063277); Andrade, Ion Garcia Mascarenhas de (26026625700); Valentim, Ricardo Alexsandro de Medeiros (35606294400)","58777546600; 57204035776; 57959236300; 57208327846; 57220022529; 58777152700; 58777351600; 58777546800; 56495540200; 58633872200; 58777152800; 25626432200; 57694054600; 57195063277; 26026625700; 35606294400","Artificial intelligence applied to analyzes during the pandemic: COVID-19 beds occupancy in the state of Rio Grande do Norte, Brazil","2023","https://www.scopus.com/inward/record.uri?eid=2-s2.0-85180489464&doi=10.3389%2ffrai.2023.1290022&partnerID=40&md5=7ed2c041344abbbb4775cbcde5bc7ebd","2-s2.0-85180489464"
"Andrade M.; Medeiros M.; Medeiros T.; Azevedo M.; Silva M.; Costa D.G.; Silva I.","Andrade, Matheus (58849970600); Medeiros, Morsinaldo (58168755900); Medeiros, Thaís (58538636900); Azevedo, Mariana (58167671300); Silva, Marianne (57207807053); Costa, Daniel G. (35519411300); Silva, Ivanovitch (36537969500)","58849970600; 58168755900; 58538636900; 58167671300; 57207807053; 35519411300; 36537969500","On the Use of Biofuels for Cleaner Cities: Assessing Vehicular Pollution through Digital Twins and Machine Learning Algorithms","2024","https://www.scopus.com/inward/record.uri?eid=2-s2.0-85183347606&doi=10.3390%2fsu16020708&partnerID=40&md5=b660764d956f933f72b763c6d678db4a","2-s2.0-85183347606"
"Jacinto M.V.G.; Doria Neto A.D.; de Castro D.L.; Bezerra F.H.R.","Jacinto, Marcos V.G. (57983867100); Doria Neto, Adrião D. (57211278113); de Castro, David L. (11340128700); Bezerra, Francisco H.R. (7004527155)","57983867100; 57211278113; 11340128700; 7004527155","Karstified zone interpretation using deep learning algorithms: Convolutional neural networks applications and model interpretability with explainable AI","2023","https://www.scopus.com/inward/record.uri?eid=2-s2.0-85144627723&doi=10.1016%2fj.cageo.2022.105281&partnerID=40&md5=acdebf845053cb2fbf2dc6be11bccbb7","2-s2.0-85144627723"
"Dantas de Medeiros A.; Junio da Silva L.; Maria da Silva J.; Cunha Fernandes dos Santos Dias D.; Dias Pereira M.","Dantas de Medeiros, André (57203950751); Junio da Silva, Laércio (57217089812); Maria da Silva, José (59159384100); Cunha Fernandes dos Santos Dias, Denise (57217089776); Dias Pereira, Márcio (57217089856)","57203950751; 57217089812; 59159384100; 57217089776; 57217089856","IJCropSeed: An open-access tool for high-throughput analysis of crop seed radiographs","2020","https://www.scopus.com/inward/record.uri?eid=2-s2.0-85086143562&doi=10.1016%2fj.compag.2020.105555&partnerID=40&md5=d6311c587788c812dc4712f9855c0dbd","2-s2.0-85086143562"
"Silva T.P.D.; Neto A.R.; Batista T.V.; Delicato F.C.; Pires P.F.; Lopes F.","Silva, Thiago Pereira da (56732537200); Neto, Aluizio Rocha (57650113700); Batista, Thais Vasconcelos (36812228000); Delicato, Flávia C. (55887461400); Pires, Paulo F. (55595376300); Lopes, Frederico (57193516964)","56732537200; 57650113700; 36812228000; 55887461400; 55595376300; 57193516964","Online machine learning for auto-scaling in the edge computing","2022","https://www.scopus.com/inward/record.uri?eid=2-s2.0-85142168357&doi=10.1016%2fj.pmcj.2022.101722&partnerID=40&md5=4bd4738849049d011980ea7bbc7a1193","2-s2.0-85142168357"
"Lima G.S.; Savi M.A.; Bessa W.M.","Lima, Gabriel S. (57205730101); Savi, Marcelo A. (7006392757); Bessa, Wallace M. (6506394388)","57205730101; 7006392757; 6506394388","Intelligent control of cardiac rhythms using artificial neural networks","2023","https://www.scopus.com/inward/record.uri?eid=2-s2.0-85152369255&doi=10.1007%2fs11071-023-08447-1&partnerID=40&md5=f46be65923b2b373e4a92fb719ad8d00","2-s2.0-85152369255"
"Canuto A.; Neto A.F.; Silva H.M.; Xavier-Júnior J.C.; Barreto C.A.","Canuto, Anne (15022041200); Neto, Antonino Feitosa (36628950100); Silva, Huliane M. (57191259875); Xavier-Júnior, João C. (56366404800); Barreto, Cephas A. (57195322096)","15022041200; 36628950100; 57191259875; 56366404800; 57195322096","Population-based bio-inspired algorithms for cluster ensembles optimization","2020","https://www.scopus.com/inward/record.uri?eid=2-s2.0-85044394769&doi=10.1007%2fs11047-018-9682-1&partnerID=40&md5=7bc6d2187a7ea3c488a89546b9d527bf","2-s2.0-85044394769"
"Silva F.S.D.; Silva S.N.; da Silva L.M.D.; Bessa A.; Ferino S.; Paiva P.; Medeiros M.; Silva L.; Neto J.; Costa K.; Santos C.; Aranha E.; Martins A.; Kulesza U.; Immich R.; Neto A.V.; Fontes R.; Sousa V.; Fernandes M.A.C.","Silva, Felipe S. Dantas (56393770300); Silva, Sérgio N. (56402497700); da Silva, Lucileide M.D. (57205121703); Bessa, Ayuri (58774888600); Ferino, Samuel (57221536003); Paiva, Pablo (58775086000); Medeiros, Marcos (24802749600); Silva, Lucas (57194044614); Neto, José (57212494574); Costa, Kevin (57194419457); Santos, Charles (57200504297); Aranha, Eduardo (18433677500); Martins, Allan (57985251100); Kulesza, Uirá (12645089300); Immich, Roger (23990618900); Neto, Augusto V. (35105652600); Fontes, Ramon (57188683331); Sousa, Vicente (6603844872); Fernandes, Marcelo A.C. (7202947679)","56393770300; 56402497700; 57205121703; 58774888600; 57221536003; 58775086000; 24802749600; 57194044614; 57212494574; 57194419457; 57200504297; 18433677500; 57985251100; 12645089300; 23990618900; 35105652600; 57188683331; 6603844872; 7202947679","ML-based inter-slice load balancing control for proactive offloading of virtual services","2024","https://www.scopus.com/inward/record.uri?eid=2-s2.0-85190769096&doi=10.1016%2fj.comnet.2024.110422&partnerID=40&md5=54f5a158952a5bd75abd5703027a71be","2-s2.0-85190769096"
"Pasa L.A.; Costa J.A.F.; Medeiros M.G.D.","Pasa, Leandro Antonio (55763115500); Costa, José Alfredo Ferreira (7402460809); Medeiros, Marcial Guerra De (57214296270)","55763115500; 7402460809; 57214296270","A contribution to the study of ensemble of self-organizing maps","2015","https://www.scopus.com/inward/record.uri?eid=2-s2.0-84953299207&doi=10.1155%2f2015%2f592549&partnerID=40&md5=d13690d9080cac481a25fb0ccd50e232","2-s2.0-84953299207"
"Pereira Dimuro G.; Bedregal B.; Bustince H.; Asiáin M.J.; Mesiar R.","Pereira Dimuro, Graçaliz (6508226260); Bedregal, Benjamín (15520790700); Bustince, Humberto (55034746100); Asiáin, Maria José (8872427500); Mesiar, Radko (7004621213)","6508226260; 15520790700; 55034746100; 8872427500; 7004621213","On additive generators of overlap functions","2016","https://www.scopus.com/inward/record.uri?eid=2-s2.0-84955398148&doi=10.1016%2fj.fss.2015.02.008&partnerID=40&md5=3d9d0eca22461a7e4becf29379c66343","2-s2.0-84955398148"
"Fernandes F.A.N.; Lona L.M.F.; Penlidis A.","Fernandes, Fabiano A.N. (9248904100); Lona, Liliane M.F. (6601977808); Penlidis, Alexander (7006776960)","9248904100; 6601977808; 7006776960","Inverse modeling applications in emulsion polymerization of vinyl acetate","2004","https://www.scopus.com/inward/record.uri?eid=2-s2.0-3042742133&doi=10.1016%2fj.ces.2004.04.003&partnerID=40&md5=e6dda1627aafece7c8f2a78b3f5efad6","2-s2.0-3042742133"
"de Souza A.C.D.; Fernandes M.A.C.","de Souza, Alisson C. D. (56402558600); Fernandes, Marcelo A. C. (7202947679)","56402558600; 7202947679","Parallel fixed point implementation of a radial basis function network in an FPGA","2014","https://www.scopus.com/inward/record.uri?eid=2-s2.0-84908542712&doi=10.3390%2fs141018223&partnerID=40&md5=01722f6a5508634b098715f6eaadc856","2-s2.0-84908542712"
"Sizilio G.R.M.A.; Leite C.R.M.; Guerreiro A.M.G.; Neto A.D.D.","Sizilio, Gláucia Regina Medeiros Azambuja (36718046500); Leite, Cicília Raquel Maia (35113320100); Guerreiro, Ana Maria Guimarães (15055841900); Neto, Adrião Duarte Dória (7102618949)","36718046500; 35113320100; 15055841900; 7102618949","Collaborative remote diagnostics environment using intelligent platform support decision; [Ambiente de telediagnóstico colaborativo utilizando plataforma inteligente de auxílio á tomada de decisão]","2011","https://www.scopus.com/inward/record.uri?eid=2-s2.0-83455217532&doi=10.4322%2frbeb.2011.015&partnerID=40&md5=3e8d940d55a7efec16b1180d0c26cd50","2-s2.0-83455217532"
"Canuto A.M.; Santos A.M.; Abreu M.C.; Bezerra V.M.; Souza F.M.; Gomes Jr. M.F.","Canuto, Anne M. (15022041200); Santos, Araken M. (55466623600); Abreu, Marjory C. (14038905200); Bezerra, Valéria M. (15021777500); Souza, Fernanda M. (7005233315); Gomes Jr., Manuel F. (22334284600)","15022041200; 55466623600; 14038905200; 15021777500; 7005233315; 22334284600","Investigating the use of an agent-based multi-classifier system for classification tasks","2004","https://www.scopus.com/inward/record.uri?eid=2-s2.0-33846943795&doi=10.1007%2f978-3-540-30499-9_131&partnerID=40&md5=e565adc7772104ceb8365decec7c8a8b","2-s2.0-33846943795"
"Oliveira P.S.; D'Assunção A.G.; Souza E.A.M.; Peixeiro C.","Oliveira, P.S. (57193753398); D'Assunção, A.G. (7004474343); Souza, E.A.M. (57189465559); Peixeiro, C. (6701730449)","57193753398; 7004474343; 57189465559; 6701730449","A fast and accurate technique for FSS and antenna designs based on the social spider optimization algorithm","2016","https://www.scopus.com/inward/record.uri?eid=2-s2.0-84971207722&doi=10.1002%2fmop.29941&partnerID=40&md5=5bbd0a17b1c228b6a1aa0e2274fae278","2-s2.0-84971207722"
"Canuto A.M.P.; Santos A.M.; Vargas R.R.","Canuto, Anne M. P. (15022041200); Santos, Araken M. (55466623600); Vargas, Rogério R. (35148619400)","15022041200; 55466623600; 35148619400","Ensembles of ARTMAP-based neural networks: An experimental study","2011","https://www.scopus.com/inward/record.uri?eid=2-s2.0-79959374923&doi=10.1007%2fs10489-009-0199-2&partnerID=40&md5=4c1b2d72be78ad32cc0b2f7f4676114d","2-s2.0-79959374923"
"de Araujo Dourado Junior O.; Neto A.D.D.; da Mata W.","de Araujo Dourado Junior, Osmar (15046361000); Neto, Adrião Duarte Dória (7102618949); da Mata, Wilson (15046381300)","15046361000; 7102618949; 15046381300","Determination of multiple direction of arrival in antennas arrays with radial basis functions","2006","https://www.scopus.com/inward/record.uri?eid=2-s2.0-33750395868&doi=10.1016%2fj.neucom.2006.07.006&partnerID=40&md5=47c643c205db920ac180570a6a1f4e19","2-s2.0-33750395868"
"Rolim C.; Frery A.C.; Almeida E.; Costa E.; Gonçalves L.M.","Rolim, Cledja (57213538018); Frery, Alejandro C. (7003561251); Almeida, Eliana (8295156100); Costa, Evandro (35618052700); Gonçalves, Luiz Marcos (58069927800)","57213538018; 7003561251; 8295156100; 35618052700; 58069927800","Enhancing the experience of 3D virtual worlds with a cartographic generalization approach","2007","https://www.scopus.com/inward/record.uri?eid=2-s2.0-34248222198&doi=10.1007%2fs00371-007-0099-6&partnerID=40&md5=1ddf9db1de6aa5d6bc3c0d5e80c0e837","2-s2.0-34248222198"
"Silva C.R.M.; Martins S.R.","Silva, Cláudio R. M. (55226055600); Martins, Sinara R. (55226285500)","55226055600; 55226285500","An adaptive evolutionary algorithm for UWB microstrip antennas optimization using a machine learning technique","2013","https://www.scopus.com/inward/record.uri?eid=2-s2.0-84878266399&doi=10.1002%2fmop.27692&partnerID=40&md5=40ae16f0d7fdb61a50aea9d0d2520270","2-s2.0-84878266399"
"Bedregal B.; Bustince H.; Palmeira E.; Dimuro G.; Fernandez J.","Bedregal, Benjamin (15520790700); Bustince, Humberto (55034746100); Palmeira, Eduardo (37261839800); Dimuro, Graçaliz (6508226260); Fernandez, Javier (57198957963)","15520790700; 55034746100; 37261839800; 6508226260; 57198957963","Generalized interval-valued OWA operators with interval weights derived from interval-valued overlap functions","2017","https://www.scopus.com/inward/record.uri?eid=2-s2.0-85024496853&doi=10.1016%2fj.ijar.2017.07.001&partnerID=40&md5=c2ddf3a9e26fad34d176c371f62df48d","2-s2.0-85024496853"
"Déharbe D.; Imine A.; Ranise S.","Déharbe, David (6507909401); Imine, Abdessamad (8412487100); Ranise, Silvio (6603468509)","6507909401; 8412487100; 6603468509","Abstraction-Driven Verification of Array Programs","2004","https://www.scopus.com/inward/record.uri?eid=2-s2.0-35048868007&doi=10.1007%2f978-3-540-30210-0_23&partnerID=40&md5=e3b3202938286ec6042ff51f5f12724e","2-s2.0-35048868007"
"De Almeida Rego J.B.; De Medeiros Martins A.; Costa E.D.B.","De Almeida Rego, Joilson Batista (56167782200); De Medeiros Martins, Allan (57985251100); Costa, Evandro De B. (35618052700)","56167782200; 57985251100; 35618052700","Deterministic system identification using RBF networks","2014","https://www.scopus.com/inward/record.uri?eid=2-s2.0-84901020452&doi=10.1155%2f2014%2f432593&partnerID=40&md5=efb4c937c3f8761e53e80e05fa3145a7","2-s2.0-84901020452"
"Zapata H.; Bustince H.; Montes S.; Bedregal B.; Dimuro G.P.; Takáč Z.; Baczyński M.; Fernandez J.","Zapata, H. (56404501700); Bustince, H. (55034746100); Montes, S. (7003956114); Bedregal, B. (15520790700); Dimuro, G.P. (6508226260); Takáč, Z. (55546506200); Baczyński, M. (6507407234); Fernandez, J. (57198957963)","56404501700; 55034746100; 7003956114; 15520790700; 6508226260; 55546506200; 6507407234; 57198957963","Interval-valued implications and interval-valued strong equality index with admissible orders","2017","https://www.scopus.com/inward/record.uri?eid=2-s2.0-85019991074&doi=10.1016%2fj.ijar.2017.05.009&partnerID=40&md5=08bcba8843688bee8ea3909c1a65e7a2","2-s2.0-85019991074"
"Guerreiro A.M.G.; Paz De Araujo C.A.","Guerreiro, Ana M. G. (15055841900); Paz De Araujo, Carlos A. (7003895144)","15055841900; 7003895144","An extended model for a spiking neuron class","2007","https://www.scopus.com/inward/record.uri?eid=2-s2.0-34548324625&doi=10.1007%2fs00422-007-0169-x&partnerID=40&md5=a75041e3c0e16aab84ff5390333dc400","2-s2.0-34548324625"
"Bustince H.; Barrenechea E.; Pagola M.; Fernandez J.; Xu Z.; Bedregal B.; Montero J.; Hagras H.; Herrera F.; De Baets B.","Bustince, Humberto (55034746100); Barrenechea, Edurne (23090078700); Pagola, Miguel (6602952001); Fernandez, Javier (57198957963); Xu, Zeshui (55502698400); Bedregal, Benjamin (15520790700); Montero, Javier (7103015773); Hagras, Hani (6701586037); Herrera, Francisco (7102347190); De Baets, Bernard (55664779600)","55034746100; 23090078700; 6602952001; 57198957963; 55502698400; 15520790700; 7103015773; 6701586037; 7102347190; 55664779600","A historical account of types of fuzzy sets and their relationships","2016","https://www.scopus.com/inward/record.uri?eid=2-s2.0-84962091537&doi=10.1109%2fTFUZZ.2015.2451692&partnerID=40&md5=9743b012d28532b63b6621869d3b514b","2-s2.0-84962091537"
"Tustison N.J.; Avants B.B.; Siqueira M.; Gee J.C.","Tustison, Nicholas J. (6505987446); Avants, Brian B. (6602804684); Siqueira, Marcelo (15019841600); Gee, James C. (57202708522)","6505987446; 6602804684; 15019841600; 57202708522","Topological well-composedness and glamorous glue: A digital gluing algorithm for topologically constrained front propagation","2011","https://www.scopus.com/inward/record.uri?eid=2-s2.0-79957520431&doi=10.1109%2fTIP.2010.2095021&partnerID=40&md5=400a1d8555627ebb69a26c47b1695434","2-s2.0-79957520431"
"Da F. Silva P.H.; Cruz R.M.S.; D'Aassunção A.G.","Da F. Silva, Paulo Henrique (57218888588); Cruz, Rossana Moreno S. (15924851900); D'Aassunção, Adaildo Gomes (36182710300)","57218888588; 15924851900; 36182710300","Blending PSO and ANN for optimal design of FSS filters with koch Island patch elements","2010","https://www.scopus.com/inward/record.uri?eid=2-s2.0-77954847960&doi=10.1109%2fTMAG.2010.2044147&partnerID=40&md5=2e0d6ca000db219afac557d02669dd63","2-s2.0-77954847960"
"Silva P.H.D.F.; Passos M.G.; D'Assunção A.G.","Silva, P.H.Da F. (55488895300); Passos, M.G. (22035875000); D'Assunção, A.G. (7004474343)","55488895300; 22035875000; 7004474343","Fast and accurate analysis for the directivity of circular-shape antennas using optimal neural networks","2007","https://www.scopus.com/inward/record.uri?eid=2-s2.0-34748927140&doi=10.1002%2fmop.22839&partnerID=40&md5=0fa31e3be409dfded57a9cc469ca1b8e","2-s2.0-34748927140"
"Bustince H.; Beliakov G.; Pereira Dimuro G.; Bedregal B.; Mesiar R.","Bustince, Humberto (55034746100); Beliakov, Gleb (7003644533); Pereira Dimuro, Graçaliz (6508226260); Bedregal, Benjamín (15520790700); Mesiar, Radko (7004621213)","55034746100; 7003644533; 6508226260; 15520790700; 7004621213","On the definition of penalty functions in data aggregation","2017","https://www.scopus.com/inward/record.uri?eid=2-s2.0-84999791726&doi=10.1016%2fj.fss.2016.09.011&partnerID=40&md5=837f28b9d1c6eb07c9aa27739330afdb","2-s2.0-84999791726"
"de Medeiros Brito Jr. A.; Neto A.D.D.; de Melo J.D.; Marcos Garcia Gonçalves L.","de Medeiros Brito Jr., Agostinho (6506059176); Neto, Adrião Duarte Dória (7102618949); de Melo, Jorge Dantas (55664205300); Marcos Garcia Gonçalves, Luiz (58069927800)","6506059176; 7102618949; 55664205300; 58069927800","An adaptive learning approach for 3-D surface reconstruction from point clouds","2008","https://www.scopus.com/inward/record.uri?eid=2-s2.0-49149084589&doi=10.1109%2fTNN.2008.2000390&partnerID=40&md5=6e6bf682e69f10889e4bef6991a6c0a5","2-s2.0-49149084589"
"Costa J.A.F.; De Netto M.L.A.","Costa, José Alfredo Ferreira (7402460809); De Netto, Márcio Luiz Andrade (22333407700)","7402460809; 22333407700","Segmentation of self-organizing maps with 3-D output grids; [Segmentação de mapas auto-organizáveis com espaço de saída 3-D]","2007","https://www.scopus.com/inward/record.uri?eid=2-s2.0-35048816963&doi=10.1590%2fs0103-17592007000200002&partnerID=40&md5=451f1b7b1b6e71859235fb8e657d0a42","2-s2.0-35048816963"
"Patiño-Escarcina R.E.; Callejas Bedregal B.R.; Lyra A.","Patiño-Escarcina, Raquel E. (22433371000); Callejas Bedregal, Benjamín R. (15520790700); Lyra, Aarão (22433272900)","22433371000; 15520790700; 22433272900","Interval computing in neural networks: One layer interval neural networks","2004","https://www.scopus.com/inward/record.uri?eid=2-s2.0-35048886603&doi=10.1007%2f978-3-540-30561-3_8&partnerID=40&md5=4d9e7cd4c5eb55d3e68c36afe56b8f4e","2-s2.0-35048886603"
"Costa E.B.; Fonseca B.; Santana M.A.; de Araújo F.F.; Rego J.","Costa, Evandro B. (35618052700); Fonseca, Baldoino (36175426900); Santana, Marcelo Almeida (56903748100); de Araújo, Fabrísia Ferreira (57188562557); Rego, Joilson (56702327300)","35618052700; 36175426900; 56903748100; 57188562557; 56702327300","Evaluating the effectiveness of educational data mining techniques for early prediction of students’ academic failure in introductory programming courses","2017","https://www.scopus.com/inward/record.uri?eid=2-s2.0-85016290685&doi=10.1016%2fj.chb.2017.01.047&partnerID=40&md5=92b8aeca82cc57f4403da7959a0ff96d","2-s2.0-85016290685"
"De Sena B.B.V.; Freire R.C.S.","De Sena, Bremmer Bernardo Vasconcelos (55502073300); Freire, Raimundo Carlos Silverio (36979704500)","55502073300; 36979704500","Criteria for the use of modular networks: Fatigue in composite materials","2012","https://www.scopus.com/inward/record.uri?eid=2-s2.0-84870044570&doi=10.1177%2f0021998311434968&partnerID=40&md5=46bd6541441cd2ad47ccf61e926a7037","2-s2.0-84870044570"
"MacHado V.; Neto A.D.D.; De Melo J.D.","MacHado, Vinicius (25626729300); Neto, Adrião Duarte Dória (7102618949); De Melo, Jorge Dantas (55664205300)","25626729300; 7102618949; 55664205300","A neural network multiagent architecture applied to industrial networks for dynamic allocation of control strategies using standard function blocks","2010","https://www.scopus.com/inward/record.uri?eid=2-s2.0-77951171783&doi=10.1109%2fTIE.2009.2031196&partnerID=40&md5=9dbf1ce90880bfc290b325d435755e16","2-s2.0-77951171783"
"De Araújo W.C.; Lins H.W.C.; Medeiros J.L.G.; D'Assunção A.G.","De Araújo, Wellington C. (55203798600); Lins, Hertz W. C. (57222580164); Medeiros, Joêmia L. G. (24734326100); D'Assunção, Adaildo G. (7004474343)","55203798600; 57222580164; 24734326100; 7004474343","A bioinspired hybrid optimization algorithm for designing broadband frequency selective surfaces","2014","https://www.scopus.com/inward/record.uri?eid=2-s2.0-84891273721&doi=10.1002%2fmop.28043&partnerID=40&md5=3d3e241c6aa400a2027e08848060009a","2-s2.0-84891273721"
"Neto M.C.A.; Araújo J.P.L.; Barros F.J.B.; Silva A.N.; Cavalcante G.P.S.; D'Assunção A.G.","Neto, M. C. Alcantara (59158131000); Araújo, J.P.L. (23395734200); Barros, F.J.B. (56277647500); Silva, A.N. (12753658800); Cavalcante, G.P.S. (35564548700); D'Assunção, A.G. (7004474343)","59158131000; 23395734200; 56277647500; 12753658800; 35564548700; 7004474343","Bioinspired multiobjective synthesis of X-band FSS via general regression neural network and cuckoo search algorithm","2015","https://www.scopus.com/inward/record.uri?eid=2-s2.0-84938118000&doi=10.1002%2fmop.29349&partnerID=40&md5=52a4508d2f60295526e60bf11e621d9b","2-s2.0-84938118000"
"Da Silva M.R.; Nõbrega C.D.L.; Silva P.H.D.F.; D'Assunção A.G.","Da Silva, Marcelo R. (24542742600); Nõbrega, Clarissa De L. (55491131300); Silva, Paulo H. Da F. (55488895300); D'Assunção, Adaildo G. (7004474343)","24542742600; 55491131300; 55488895300; 7004474343","Optimization of FSS with Sierpinski island fractal elements using population-based search algorithms and MLP neural network","2014","https://www.scopus.com/inward/record.uri?eid=2-s2.0-84896863230&doi=10.1002%2fmop.28214&partnerID=40&md5=ffcea6795e40752d033b8416ed5474ab","2-s2.0-84896863230"
"Reiser R.H.S.; Bedregal B.","Reiser, Renata Hax Sander (8240172800); Bedregal, Benjamín (15520790700)","8240172800; 15520790700","K-operators: An approach to the generation of interval-valued fuzzy implications from fuzzy implications and vice versa","2014","https://www.scopus.com/inward/record.uri?eid=2-s2.0-84888644022&doi=10.1016%2fj.ins.2012.12.047&partnerID=40&md5=9931e16ac366928966e8724494007d09","2-s2.0-84888644022"
"Ludermir T.B.; De Souto M.C.P.; De Oliveira W.R.","Ludermir, T.B. (6604058532); De Souto, M.C.P. (6603399100); De Oliveira, W.R. (7006789104)","6604058532; 6603399100; 7006789104","On a hybrid weightless neural system","2009","https://www.scopus.com/inward/record.uri?eid=2-s2.0-79960371247&doi=10.1504%2fIJBIC.2009.022778&partnerID=40&md5=64e1d4ce39c8b9ccb8ec2034feb50b1e","2-s2.0-79960371247"
"Fernandes M.A.C.","Fernandes, Marcelo A. C. (7202947679)","7202947679","Problem-based learning applied to the artificial intelligence course","2016","https://www.scopus.com/inward/record.uri?eid=2-s2.0-84975093899&doi=10.1002%2fcae.21717&partnerID=40&md5=e91e71e96fc80ade1604faac4fa2be50","2-s2.0-84975093899"
"De Sousa T.F.B.; Fernandesy M.A.C.","De Sousa, Tiago F.B. (56258397000); Fernandesy, Marcelo A.C. (57220883161)","56258397000; 57220883161","Multilayer perceptron equalizer for optical communication systems","2014","https://www.scopus.com/inward/record.uri?eid=2-s2.0-84904857641&partnerID=40&md5=176450f2f5a3adf4e8a7260a10a7fa64","2-s2.0-84904857641"
"Júnior R.C.S.F.; Neto A.D.D.; Aquino E.M.F.D.","Júnior, Raimundo Carlos Silverio Freire (36979704500); Neto, Adrião Duarte Dória (7102618949); Aquino, Eve Maria Freire De (15769091400)","36979704500; 7102618949; 15769091400","Building of constant life diagrams of fatigue using artificialneural networks","2005","https://www.scopus.com/inward/record.uri?eid=2-s2.0-16244373930&doi=10.1016%2fj.ijfatigue.2005.02.003&partnerID=40&md5=475b9cf4959e3ea527ec890f89883e07","2-s2.0-16244373930"
"Câmara E.C.B.; Freire Jr. R.C.S.","Câmara, Eduardo César Bezerra (54388084300); Freire Jr., Raimundo Carlos Silverio (36979704500)","54388084300; 36979704500","Using neural networks to modeling the transverse elasticity modulus of unidirectional composites","2011","https://www.scopus.com/inward/record.uri?eid=2-s2.0-80955180132&doi=10.1016%2fj.compositesb.2011.04.042&partnerID=40&md5=3a87faf65e72f62f605778ce077752d3","2-s2.0-80955180132"
"Bezerra L.C.T.; Goldbarg E.F.G.; Goldbarg M.C.; Buriol L.S.","Bezerra, Leonardo C.T. (37078903900); Goldbarg, Elizabeth F.G. (14033766000); Goldbarg, Marco C. (8873773400); Buriol, Luciana S. (8695687900)","37078903900; 14033766000; 8873773400; 8695687900","Analyzing the impact of MOACO components: An algorithmic study on the multi-objective shortest path problem","2013","https://www.scopus.com/inward/record.uri?eid=2-s2.0-84866054240&doi=10.1016%2fj.eswa.2012.07.052&partnerID=40&md5=8c97dc24d910a18c4fb45283681abd60","2-s2.0-84866054240"
"Bedregal B.C.; Santiago R.H.N.","Bedregal, Benjamín Callejas (15520790700); Santiago, Regivan Hugo Nunes (7006674404)","15520790700; 7006674404","Interval representations, Łukasiewicz implicators and Smets-Magrez axioms","2013","https://www.scopus.com/inward/record.uri?eid=2-s2.0-84884209908&doi=10.1016%2fj.ins.2012.09.022&partnerID=40&md5=de6b8997815c4744b22fa9ae693ab278","2-s2.0-84884209908"
"Cruz R.M.S.; Da F. Silva P.H.D.; Dassunção A.G.","Cruz, R.M.S. (15924851900); Da F. Silva, P.H.D. (57218888588); Dassunção, A.G. (7004474343)","15924851900; 57218888588; 7004474343","Neuromodeling stop band properties of Koch Island patch elements for FSS filter design","2009","https://www.scopus.com/inward/record.uri?eid=2-s2.0-70349598753&doi=10.1002%2fmop.24795&partnerID=40&md5=43861da32adcf252d5eb85a0db75532a","2-s2.0-70349598753"
"Bedregal B.; Dimuro G.P.; Bustince H.; Barrenechea E.","Bedregal, Benjamín (15520790700); Dimuro, Graçaliz Pereira (6508226260); Bustince, Humberto (55034746100); Barrenechea, Edurne (23090078700)","15520790700; 6508226260; 55034746100; 23090078700","New results on overlap and grouping functions","2013","https://www.scopus.com/inward/record.uri?eid=2-s2.0-84883178390&doi=10.1016%2fj.ins.2013.05.004&partnerID=40&md5=85022593b78357981d6d148af3cc60b9","2-s2.0-84883178390"
"De Albuquerque Silva C.A.; Doria Neto A.D.; Oliveira J.A.N.; Melo J.D.; Barbalho D.S.; Avelino A.M.","De Albuquerque Silva, Carlos Alberto (56349215000); Doria Neto, Adriao Duarte (7102618949); Oliveira, Jose Alberto Nicolau (24724037300); Melo, Jorge Dantas (55664205300); Barbalho, David Simonetti (6508332156); Avelino, Alvaro Medeiros (35955484400)","56349215000; 7102618949; 24724037300; 55664205300; 6508332156; 35955484400","Definition of an Architecture to Configure Artificial Neural Networks Topologies Using Partial Reconfiguraton in FPGA","2015","https://www.scopus.com/inward/record.uri?eid=2-s2.0-84942741586&doi=10.1109%2fTLA.2015.7273763&partnerID=40&md5=a407427ad18d5bbfc5ee10bc95cf6b4d","2-s2.0-84942741586"
"De O. Guimarães A.; Da Silva J.P.; Dantas E.R.M.","De O. Guimarães, Ádller (56666811400); Da Silva, José P. (8776554000); Dantas, Emmanuel R.M. (55925915000)","56666811400; 8776554000; 55925915000","Genetic algorithm applied to control of DC motor with disturbance rejection by feedforward action","2015","https://www.scopus.com/inward/record.uri?eid=2-s2.0-84930344722&doi=10.2316%2fJournal.201.2015.1.201-2599&partnerID=40&md5=6e2274f493fb7f9ddbd45dddb6c027a7","2-s2.0-84930344722"
"de Araújo Jr. J.M.; de Menezes Jr. J.M.P.; de Albuquerque A.A.M.; Almeida O.M.; de Araújo F.M.U.","de Araújo Jr., José Medeiros (55930623800); de Menezes Jr., José Maria Pires (22135449600); de Albuquerque, Alberto Alexandre Moura (55609223400); Almeida, Otacílio da Mota (59026411900); de Araújo, Fábio Meneghetti Ugulino (35316777100)","55930623800; 22135449600; 55609223400; 59026411900; 35316777100","Assessment and certification of neonatal incubator sensors through an inferential neural network","2013","https://www.scopus.com/inward/record.uri?eid=2-s2.0-84887774181&doi=10.3390%2fs131115613&partnerID=40&md5=f6bc6398d2202b59baa0ad9a23314af4","2-s2.0-84887774181"
"Silverio Freire R.C.; Dória Neto A.D.; De Aquino E.M.F.","Silverio Freire, Raimundo Carlos (36979704500); Dória Neto, Adrião Duarte (7102618949); De Aquino, Eve Maria Freire (15769091400)","36979704500; 7102618949; 15769091400","Comparative study between ANN models and conventional equations in the analysis of fatigue failure of GFRP","2009","https://www.scopus.com/inward/record.uri?eid=2-s2.0-59849112753&doi=10.1016%2fj.ijfatigue.2008.11.005&partnerID=40&md5=cb04b633f34f0d4c42503b977df57e91","2-s2.0-59849112753"
"Da Silva A.P.O.; Leite C.R.M.; Mcmillan L.; Paz De Araujo C.A.; Fernandes M.A.C.; Guerreiro A.M.G.","Da Silva, Alan P. O. (56692127200); Leite, Cicilia R. M. (35113320100); Mcmillan, Larry (7006461040); Paz De Araujo, Carlos A. (7003895144); Fernandes, Marcelo A. C. (7202947679); Guerreiro, A.M.G. (15055841900)","56692127200; 35113320100; 7006461040; 7003895144; 7202947679; 15055841900","Adaptive boolean logic using ferroelectrics capacitors as basic units of artificial neurons and its implementation in FPGA","2015","https://www.scopus.com/inward/record.uri?eid=2-s2.0-84931830957&doi=10.1080%2f10584587.2015.1029408&partnerID=40&md5=71229d81e40772667576ac54d9c43858","2-s2.0-84931830957"
"Prado R.N.A.; Oliveira J.A.N.; Melo J.D.; Dória Neto A.D.","Prado, R.N.A. (57197399203); Oliveira, J.A.N. (24724037300); Melo, J.D. (55664205300); Dória Neto, A.D. (7102618949)","57197399203; 24724037300; 55664205300; 7102618949","Takagi hayashi fuzzy neural system in hardware: An application for embedding in industrial sensors, making them intelligent","2014","https://www.scopus.com/inward/record.uri?eid=2-s2.0-84906687178&doi=10.1007%2fs40313-014-0131-9&partnerID=40&md5=c05156948cff3a5cb175df17fc1d1353","2-s2.0-84906687178"
"Sizilio G.R.M.A.; Leite C.R.M.; Guerreiro A.M.G.; Neto A.D.D.","Sizilio, Gláucia R.M.A. (36718046500); Leite, Cicília R.M. (35113320100); Guerreiro, Ana M.G. (15055841900); Neto, Adrião D Dória (7102618949)","36718046500; 35113320100; 15055841900; 7102618949","Fuzzy method for pre-diagnosis of breast cancer from the Fine Needle Aspirate analysis","2012","https://www.scopus.com/inward/record.uri?eid=2-s2.0-84868222539&doi=10.1186%2f1475-925X-11-83&partnerID=40&md5=9a517397c442e206ab20bba1a5103ce6","2-s2.0-84868222539"
"Santana F.; Santiago R.; Bedregal B.; Paternain D.; Bustince H.","Santana, Fagner (51061387700); Santiago, Regivan (7006674404); Bedregal, Benjamin (15520790700); Paternain, Daniel (35435798900); Bustince, Humberto (55034746100)","51061387700; 7006674404; 15520790700; 35435798900; 55034746100","Generalized quasi-metric on strings","2016","https://www.scopus.com/inward/record.uri?eid=2-s2.0-84959352366&doi=10.1016%2fj.ins.2016.01.097&partnerID=40&md5=3fa45f3817242abfc7048fffa7db1f0d","2-s2.0-84959352366"
"de Souto M.C.P.; Ludermir T.B.; de Oliveira W.R.","de Souto, Marcilio C.P. (6603399100); Ludermir, Teresa B. (6604058532); de Oliveira, Wilson R. (7006789104)","6603399100; 6604058532; 7006789104","Equivalence between RAM-based neural networks and probabilistic automata","2005","https://www.scopus.com/inward/record.uri?eid=2-s2.0-23044501856&doi=10.1109%2fTNN.2005.849838&partnerID=40&md5=b542bc848f1ca9ab9865aa460a7bf9a7","2-s2.0-23044501856"
"Gentil De Araujo Filho F.; Laurindo Maitelli A.","Gentil De Araujo Filho, Flavio (57196320676); Laurindo Maitelli, Andre (6602549353)","57196320676; 6602549353","A Neuro-Fuzzy Control Scheme for the Electrical Submersible Pumping in Oilfield Systems","2017","https://www.scopus.com/inward/record.uri?eid=2-s2.0-85032639930&doi=10.1109%2fTLA.2017.8070411&partnerID=40&md5=84855192e2ba3be2833e3b0bdc589a63","2-s2.0-85032639930"
"Ferreira L.; Borenstein D.","Ferreira, Luciano (37006409400); Borenstein, Denis (7005024634)","37006409400; 7005024634","A fuzzy-Bayesian model for supplier selection","2012","https://www.scopus.com/inward/record.uri?eid=2-s2.0-84858342275&doi=10.1016%2fj.eswa.2012.01.068&partnerID=40&md5=e2048959edc8115f84039df282ee832d","2-s2.0-84858342275"
"Cavalcanti B.J.; Cavalcante G.A.; De Mendonça L.M.; Cantanhede G.M.; De Oliveira M.M.M.; D'Assunção A.G.","Cavalcanti, Bruno J. (57196081200); Cavalcante, Gustavo A. (57213490184); De Mendonça, Laércio M. (6701515542); Cantanhede, Gabriel M. (57196076689); De Oliveira, Marcelo M.M. (57196083051); D'Assunção, Adaildo G. (7004474343)","57196081200; 57213490184; 6701515542; 57196076689; 57196083051; 7004474343","A hybrid path loss prediction model based on artificial neural networks using empirical models for LTE and LTE-A at 800 MHz and 2600 MHz","2017","https://www.scopus.com/inward/record.uri?eid=2-s2.0-85031763084&doi=10.1590%2f2179-10742017v16i3925&partnerID=40&md5=2d64069434073898413eda6401309b23","2-s2.0-85031763084"
"Nascimento D.S.C.; Coelho A.L.V.; Canuto A.M.P.","Nascimento, Diego S.C. (35485044800); Coelho, André L.V. (56213678200); Canuto, Anne M.P. (15022041200)","35485044800; 56213678200; 15022041200","Integrating complementary techniques for promoting diversity in classifier ensembles: A systematic study","2014","https://www.scopus.com/inward/record.uri?eid=2-s2.0-84899957756&doi=10.1016%2fj.neucom.2014.01.027&partnerID=40&md5=29580dcc9ab76d28e78b601761ac8d73","2-s2.0-84899957756"
"Dimuro G.P.; Bedregal B.","Dimuro, Graçaliz Pereira (6508226260); Bedregal, Benjamín (15520790700)","6508226260; 15520790700","Archimedean overlap functions: The ordinal sum and the cancellation, idempotency and limiting properties","2014","https://www.scopus.com/inward/record.uri?eid=2-s2.0-84905384232&doi=10.1016%2fj.fss.2014.04.008&partnerID=40&md5=2400d1cf1d4b251a658e3d222a663784","2-s2.0-84905384232"
"de Oliveira O.C.; de Medeiros Martins A.; de Araujo A.D.","de Oliveira, Odailson Cavalcante (55367691500); de Medeiros Martins, Allan (57985251100); de Araujo, Aldayr Dantas (14015206500)","55367691500; 57985251100; 14015206500","A Dual-Mode Control with a RBF Network","2017","https://www.scopus.com/inward/record.uri?eid=2-s2.0-85014926201&doi=10.1007%2fs40313-017-0300-8&partnerID=40&md5=8b430420d088ae1d7282c4df73b19c14","2-s2.0-85014926201"
